"[50, 50, 50, 50, 50, 50, 50, 50, 50, 50, 50]",0.551632302
"[50, 50, 50, 50, 50, 50, 50, 50, 50, 50]",0.57224012
"[50, 50, 50, 50, 50, 50, 50, 50, 50]",0.593411727
"[50, 50, 50]",0.587183204
"[51, 51, 51, 51, 51, 51, 51, 51, 51, 51, 51]",0.578935782
"[51, 51, 51, 51, 51, 51, 51, 51, 51, 51]",0.569684278
"[51, 51, 51, 51, 51, 51, 51, 51, 51]",0.60679768
"[51, 51, 51]",0.584128007
"[52, 52, 52, 52, 52, 52, 52, 52, 52, 52, 52]",0.592337844
"[52, 52, 52, 52, 52, 52, 52, 52, 52, 52]",0.593368771
"[52, 52, 52, 52, 52, 52, 52, 52, 52]",0.60946628
"[52, 52, 52]",0.585685137
"[53, 53, 53, 53, 53, 53, 53, 53, 53, 53, 53]",0.58924506
"[53, 53, 53, 53, 53, 53, 53, 53, 53, 53]",0.59907646
"[53, 53, 53, 53, 53, 53, 53, 53, 53]",0.60836555
"[53, 53, 53]",0.594448024
"[54, 54, 54, 54, 54, 54, 54, 54, 54, 54, 54]",0.59237006
"[54, 54, 54, 54, 54, 54, 54, 54, 54, 54]",0.596499141
"[54, 54, 54, 54, 54, 54, 54, 54, 54]",0.593395619
"[54, 54, 54]",0.603184064
"[55, 55, 55, 55, 55, 55, 55, 55, 55, 55, 55]",0.584605885
"[55, 55, 55, 55, 55, 55, 55, 55, 55, 55]",0.60110073
"[55, 55, 55, 55, 55, 55, 55, 55, 55]",0.604193514
"[55, 55, 55]",0.596993127
"[56, 56, 56, 56, 56, 56, 56, 56, 56, 56, 56]",0.589760524
"[56, 56, 56, 56, 56, 56, 56, 56, 56, 56]",0.584605885
"[56, 56, 56, 56, 56, 56, 56, 56, 56]",0.616629081
"[56, 56, 56]",0.591333763
"[57, 57, 57, 57, 57, 57, 57, 57, 57, 57, 57]",0.569678909
"[57, 57, 57, 57, 57, 57, 57, 57, 57, 57]",0.599092569
"[57, 57, 57, 57, 57, 57, 57, 57, 57]",0.593943299
"[57, 57, 57]",0.58924506
"[58, 58, 58, 58, 58, 58, 58, 58, 58, 58, 58]",0.58924506
"[58, 58, 58, 58, 58, 58, 58, 58, 58, 58]",0.577904854
"[58, 58, 58, 58, 58, 58, 58, 58, 58]",0.603296821
"[58, 58, 58]",0.594399699
"[59, 59, 59, 59, 59, 59, 59, 59, 59, 59, 59]",0.581513101
"[59, 59, 59, 59, 59, 59, 59, 59, 59, 59]",0.58924506
"[59, 59, 59, 59, 59, 59, 59, 59, 59]",0.596461555
"[59, 59, 59]",0.598523411
"[60, 60, 60, 60, 60, 60, 60, 60, 60, 60, 60]",0.590834407
"[60, 60, 60, 60, 60, 60, 60, 60, 60, 60]",0.600123497
"[60, 60, 60, 60, 60, 60, 60, 60, 60]",0.602185352
"[60, 60, 60]",0.602647122
"[61, 61, 61, 61, 61, 61, 61, 61, 61, 61, 61]",0.581513101
"[61, 61, 61, 61, 61, 61, 61, 61, 61, 61]",0.599554338
"[61, 61, 61, 61, 61, 61, 61, 61, 61]",0.597492483
"[61, 61, 61]",0.592847938
"[62, 62, 62, 62, 62, 62, 62, 62, 62, 62, 62]",0.588777921
"[62, 62, 62, 62, 62, 62, 62, 62, 62, 62]",0.597009235
"[62, 62, 62, 62, 62, 62, 62, 62, 62]",0.607828608
"[62, 62, 62]",0.593454682
"[63, 63, 63, 63, 63, 63, 63, 63, 63, 63, 63]",0.586742912
"[63, 63, 63, 63, 63, 63, 63, 63, 63, 63]",0.603173325
"[63, 63, 63, 63, 63, 63, 63, 63, 63]",0.609890464
"[63, 63, 63]",0.596971649
"[64, 64, 64, 64, 64, 64, 64, 64, 64, 64, 64]",0.584090421
"[64, 64, 64, 64, 64, 64, 64, 64, 64, 64]",0.597567655
"[64, 64, 64, 64, 64, 64, 64, 64, 64]",0.603194802
"[64, 64, 64]",0.584605885
"[65, 65, 65, 65, 65, 65, 65, 65, 65, 65, 65]",0.586667741
"[65, 65, 65, 65, 65, 65, 65, 65, 65, 65]",0.601621564
"[65, 65, 65, 65, 65, 65, 65, 65, 65]",0.613622208
"[65, 65, 65]",0.583574957
"[66, 66, 66, 66, 66, 66, 66, 66, 66, 66, 66]",0.587709407
"[66, 66, 66, 66, 66, 66, 66, 66, 66, 66]",0.583596435
"[66, 66, 66, 66, 66, 66, 66, 66, 66]",0.597041452
"[66, 66, 66]",0.601659149
"[67, 67, 67, 67, 67, 67, 67, 67, 67, 67, 67]",0.596461555
"[67, 67, 67, 67, 67, 67, 67, 67, 67, 67]",0.599554338
"[67, 67, 67, 67, 67, 67, 67, 67, 67]",0.611452964
"[67, 67, 67]",0.590275988
"[68, 68, 68, 68, 68, 68, 68, 68, 68, 68, 68]",0.587183204
"[68, 68, 68, 68, 68, 68, 68, 68, 68, 68]",0.587709407
"[68, 68, 68, 68, 68, 68, 68, 68, 68]",0.601685997
"[68, 68, 68]",0.586152277
"[69, 69, 69, 69, 69, 69, 69, 69, 69, 69, 69]",0.58924506
"[69, 69, 69, 69, 69, 69, 69, 69, 69, 69]",0.604263316
"[69, 69, 69, 69, 69, 69, 69, 69, 69]",0.585652921
"[69, 69, 69]",0.586667741
"[70, 70, 70, 70, 70, 70, 70, 70, 70, 70, 70]",0.593368771
"[70, 70, 70, 70, 70, 70, 70, 70, 70, 70]",0.586678479
"[70, 70, 70, 70, 70, 70, 70, 70, 70]",0.595989046
"[70, 70, 70]",0.60891323
"[71, 71, 71, 71, 71, 71, 71, 71, 71, 71, 71]",0.592386168
"[71, 71, 71, 71, 71, 71, 71, 71, 71, 71]",0.600123497
"[71, 71, 71, 71, 71, 71, 71, 71, 71]",0.595430627
"[71, 71, 71]",0.583666237
"[72, 72, 72, 72, 72, 72, 72, 72, 72, 72, 72]",0.589293385
"[72, 72, 72, 72, 72, 72, 72, 72, 72, 72]",0.587752363
"[72, 72, 72, 72, 72, 72, 72, 72, 72]",0.617128436
"[72, 72, 72]",0.60165378
"[73, 73, 73, 73, 73, 73, 73, 73, 73, 73, 73]",0.583059493
"[73, 73, 73, 73, 73, 73, 73, 73, 73, 73]",0.609976375
"[73, 73, 73, 73, 73, 73, 73, 73, 73]",0.588734966
"[73, 73, 73]",0.590845146
"[74, 74, 74, 74, 74, 74, 74, 74, 74, 74, 74]",0.589288015
"[74, 74, 74, 74, 74, 74, 74, 74, 74, 74]",0.606846005
"[74, 74, 74, 74, 74, 74, 74, 74, 74]",0.60018256
"[74, 74, 74]",0.594421177
"[75, 75, 75, 75, 75, 75, 75, 75, 75, 75, 75]",0.591306916
"[75, 75, 75, 75, 75, 75, 75, 75, 75, 75]",0.58924506
"[75, 75, 75, 75, 75, 75, 75, 75, 75]",0.614561856
"[75, 75, 75]",0.576358462
"[76, 76, 76, 76, 76, 76, 76, 76, 76, 76, 76]",0.591349871
"[76, 76, 76, 76, 76, 76, 76, 76, 76, 76]",0.608870275
"[76, 76, 76, 76, 76, 76, 76, 76, 76]",0.596977019
"[76, 76, 76]",0.588257088
"[77, 77, 77, 77, 77, 77, 77, 77, 77, 77, 77]",0.586667741
"[77, 77, 77, 77, 77, 77, 77, 77, 77, 77]",0.594453393
"[77, 77, 77, 77, 77, 77, 77, 77, 77]",0.594426546
"[77, 77, 77]",0.588729596
"[78, 78, 78, 78, 78, 78, 78, 78, 78, 78, 78]",0.585701246
"[78, 78, 78, 78, 78, 78, 78, 78, 78, 78]",0.596466924
"[78, 78, 78, 78, 78, 78, 78, 78, 78]",0.623394545
"[78, 78, 78]",0.59182238
"[79, 79, 79, 79, 79, 79, 79, 79, 79, 79, 79]",0.592874785
"[79, 79, 79, 79, 79, 79, 79, 79, 79, 79]",0.591306916
"[79, 79, 79, 79, 79, 79, 79, 79, 79]",0.605739905
"[79, 79, 79]",0.602813574
"[80, 80, 80, 80, 80, 80, 80, 80, 80, 80, 80]",0.59650451
"[80, 80, 80, 80, 80, 80, 80, 80, 80, 80]",0.611963058
"[80, 80, 80, 80, 80, 80, 80, 80, 80]",0.610942869
"[80, 80, 80]",0.60175043
"[81, 81, 81, 81, 81, 81, 81, 81, 81, 81, 81]",0.589282646
"[81, 81, 81, 81, 81, 81, 81, 81, 81, 81]",0.598523411
"[81, 81, 81, 81, 81, 81, 81, 81, 81]",0.601170533
"[81, 81, 81]",0.597497852
"[82, 82, 82, 82, 82, 82, 82, 82, 82, 82, 82]",0.59907646
"[82, 82, 82, 82, 82, 82, 82, 82, 82, 82]",0.554241838
"[82, 82, 82, 82, 82, 82, 82, 82, 82]",0.605251289
"[82, 82, 82]",0.60063896
"[83, 83, 83, 83, 83, 83, 83, 83, 83, 83, 83]",0.586152277
"[83, 83, 83, 83, 83, 83, 83, 83, 83, 83]",0.600069802
"[83, 83, 83, 83, 83, 83, 83, 83, 83]",0.606378866
"[83, 83, 83]",0.599554338
"[84, 84, 84, 84, 84, 84, 84, 84, 84, 84, 84]",0.601138316
"[84, 84, 84, 84, 84, 84, 84, 84, 84, 84]",0.599092569
"[84, 84, 84, 84, 84, 84, 84, 84, 84]",0.604719716
"[84, 84, 84]",0.600069802
"[85, 85, 85, 85, 85, 85, 85, 85, 85, 85, 85]",0.57996671
"[85, 85, 85, 85, 85, 85, 85, 85, 85, 85]",0.602163875
"[85, 85, 85, 85, 85, 85, 85, 85, 85]",0.598061641
"[85, 85, 85]",0.597642826
"[86, 86, 86, 86, 86, 86, 86, 86, 86, 86, 86]",0.588729596
"[86, 86, 86, 86, 86, 86, 86, 86, 86, 86]",0.59550043
"[86, 86, 86, 86, 86, 86, 86, 86, 86]",0.588251718
"[86, 86, 86]",0.585126718
"[87, 87, 87, 87, 87, 87, 87, 87, 87, 87, 87]",0.587741624
"[87, 87, 87, 87, 87, 87, 87, 87, 87, 87]",0.609401847
"[87, 87, 87, 87, 87, 87, 87, 87, 87]",0.601680627
"[87, 87, 87]",0.588208763
"[88, 88, 88, 88, 88, 88, 88, 88, 88, 88, 88]",0.597556916
"[88, 88, 88, 88, 88, 88, 88, 88, 88, 88]",0.596520619
"[88, 88, 88, 88, 88, 88, 88, 88, 88]",0.616113617
"[88, 88, 88]",0.597492483
"[89, 89, 89, 89, 89, 89, 89, 89, 89, 89, 89]",0.583059493
"[89, 89, 89, 89, 89, 89, 89, 89, 89, 89]",0.595946091
"[89, 89, 89, 89, 89, 89, 89, 89, 89]",0.629569373
"[89, 89, 89]",0.591806271
"[90, 90, 90, 90, 90, 90, 90, 90, 90, 90, 90]",0.58924506
"[90, 90, 90, 90, 90, 90, 90, 90, 90, 90]",0.601202749
"[90, 90, 90, 90, 90, 90, 90, 90, 90]",0.618642612
"[90, 90, 90]",0.58924506
"[91, 91, 91, 91, 91, 91, 91, 91, 91, 91, 91]",0.58878329
"[91, 91, 91, 91, 91, 91, 91, 91, 91, 91]",0.606856744
"[91, 91, 91, 91, 91, 91, 91, 91, 91]",0.607871564
"[91, 91, 91]",0.605766753
"[92, 92, 92, 92, 92, 92, 92, 92, 92, 92, 92]",0.59080756
"[92, 92, 92, 92, 92, 92, 92, 92, 92, 92]",0.614556486
"[92, 92, 92, 92, 92, 92, 92, 92, 92]",0.607366838
"[92, 92, 92]",0.604268686
"[93, 93, 93, 93, 93, 93, 93, 93, 93, 93, 93]",0.593948668
"[93, 93, 93, 93, 93, 93, 93, 93, 93, 93]",0.612006014
"[93, 93, 93, 93, 93, 93, 93, 93, 93]",0.609874356
"[93, 93, 93]",0.583574957
"[94, 94, 94, 94, 94, 94, 94, 94, 94, 94, 94]",0.585121349
"[94, 94, 94, 94, 94, 94, 94, 94, 94, 94]",0.583574957
"[94, 94, 94, 94, 94, 94, 94, 94, 94]",0.607855455
"[94, 94, 94]",0.599554338
"[95, 95, 95, 95, 95, 95, 95, 95, 95, 95, 95]",0.590286727
"[95, 95, 95, 95, 95, 95, 95, 95, 95, 95]",0.592853308
"[95, 95, 95, 95, 95, 95, 95, 95, 95]",0.602228308
"[95, 95, 95]",0.589814218
"[96, 96, 96, 96, 96, 96, 96, 96, 96, 96, 96]",0.565018256
"[96, 96, 96, 96, 96, 96, 96, 96, 96, 96]",0.591886813
"[96, 96, 96, 96, 96, 96, 96, 96, 96]",0.608370919
"[96, 96, 96]",0.595430627
"[97, 97, 97, 97, 97, 97, 97, 97, 97, 97, 97]",0.584090421
"[97, 97, 97, 97, 97, 97, 97, 97, 97, 97]",0.602700816
"[97, 97, 97, 97, 97, 97, 97, 97, 97]",0.600574527
"[97, 97, 97]",0.60836018
"[98, 98, 98, 98, 98, 98, 98, 98, 98, 98, 98]",0.561989905
"[98, 98, 98, 98, 98, 98, 98, 98, 98, 98]",0.600069802
"[98, 98, 98, 98, 98, 98, 98, 98, 98]",0.618116409
"[98, 98, 98]",0.596542096
"[99, 99, 99, 99, 99, 99, 99, 99, 99, 99, 99]",0.58924506
"[99, 99, 99, 99, 99, 99, 99, 99, 99, 99]",0.601685997
"[99, 99, 99, 99, 99, 99, 99, 99, 99]",0.613552405
"[99, 99, 99]",0.604708978
"[100, 100, 100, 100, 100, 100, 100, 100, 100, 100, 100]",0.591306916
"[100, 100, 100, 100, 100, 100, 100, 100, 100, 100]",0.609901203
"[100, 100, 100, 100, 100, 100, 100, 100, 100]",0.607801761
"[100, 100, 100]",0.590281357
"[101, 101, 101, 101, 101, 101, 101, 101, 101, 101, 101]",0.601159794
"[101, 101, 101, 101, 101, 101, 101, 101, 101, 101]",0.61296177
"[101, 101, 101, 101, 101, 101, 101, 101, 101]",0.609858247
"[101, 101, 101]",0.587704038
"[102, 102, 102, 102, 102, 102, 102, 102, 102, 102, 102]",0.599554338
"[102, 102, 102, 102, 102, 102, 102, 102, 102, 102]",0.587698668
"[102, 102, 102, 102, 102, 102, 102, 102, 102]",0.600617483
"[102, 102, 102]",0.591306916
"[103, 103, 103, 103, 103, 103, 103, 103, 103, 103, 103]",0.590791452
"[103, 103, 103, 103, 103, 103, 103, 103, 103, 103]",0.602706186
"[103, 103, 103, 103, 103, 103, 103, 103, 103]",0.609385739
"[103, 103, 103]",0.582586985
"[104, 104, 104, 104, 104, 104, 104, 104, 104, 104, 104]",0.584090421
"[104, 104, 104, 104, 104, 104, 104, 104, 104, 104]",0.594448024
"[104, 104, 104, 104, 104, 104, 104, 104, 104]",0.594963488
"[104, 104, 104]",0.594958119
"[105, 105, 105, 105, 105, 105, 105, 105, 105, 105, 105]",0.578935782
"[105, 105, 105, 105, 105, 105, 105, 105, 105, 105]",0.592853308
"[105, 105, 105, 105, 105, 105, 105, 105, 105]",0.637306701
"[105, 105, 105]",0.6192064
"[106, 106, 106, 106, 106, 106, 106, 106, 106, 106, 106]",0.590275988
"[106, 106, 106, 106, 106, 106, 106, 106, 106, 106]",0.608424613
"[106, 106, 106, 106, 106, 106, 106, 106, 106]",0.603210911
"[106, 106, 106]",0.57224012
"[107, 107, 107, 107, 107, 107, 107, 107, 107, 107, 107]",0.591328393
"[107, 107, 107, 107, 107, 107, 107, 107, 107, 107]",0.615018256
"[107, 107, 107, 107, 107, 107, 107, 107, 107]",0.612457045
"[107, 107, 107]",0.592853308
"[108, 108, 108, 108, 108, 108, 108, 108, 108, 108, 108]",0.593884235
"[108, 108, 108, 108, 108, 108, 108, 108, 108, 108]",0.618669459
"[108, 108, 108, 108, 108, 108, 108, 108, 108]",0.608870275
"[108, 108, 108]",0.611463703
"[109, 109, 109, 109, 109, 109, 109, 109, 109, 109, 109]",0.588214132
"[109, 109, 109, 109, 109, 109, 109, 109, 109, 109]",0.615055842
"[109, 109, 109, 109, 109, 109, 109, 109, 109]",0.613589991
"[109, 109, 109]",0.576916881
"[110, 110, 110, 110, 110, 110, 110, 110, 110, 110, 110]",0.569657431
"[110, 110, 110, 110, 110, 110, 110, 110, 110, 110]",0.605288875
"[110, 110, 110, 110, 110, 110, 110, 110, 110]",0.613504081
"[110, 110, 110]",0.617681486
"[111, 111, 111, 111, 111, 111, 111, 111, 111, 111, 111]",0.585636813
"[111, 111, 111, 111, 111, 111, 111, 111, 111, 111]",0.59182238
"[111, 111, 111, 111, 111, 111, 111, 111, 111]",0.61149055
"[111, 111, 111]",0.595462844
"[112, 112, 112, 112, 112, 112, 112, 112, 112, 112, 112]",0.585121349
"[112, 112, 112, 112, 112, 112, 112, 112, 112, 112]",0.598061641
"[112, 112, 112, 112, 112, 112, 112, 112, 112]",0.598539519
"[112, 112, 112]",0.606776203
"[113, 113, 113, 113, 113, 113, 113, 113, 113, 113, 113]",0.589760524
"[113, 113, 113, 113, 113, 113, 113, 113, 113, 113]",0.582431271
"[113, 113, 113, 113, 113, 113, 113, 113, 113]",0.619233247
"[113, 113, 113]",0.599038875
"[114, 114, 114, 114, 114, 114, 114, 114, 114, 114, 114]",0.588214132
"[114, 114, 114, 114, 114, 114, 114, 114, 114, 114]",0.58924506
"[114, 114, 114, 114, 114, 114, 114, 114, 114]",0.619678909
"[114, 114, 114]",0.600622852
"[115, 115, 115, 115, 115, 115, 115, 115, 115, 115, 115]",0.586152277
"[115, 115, 115, 115, 115, 115, 115, 115, 115, 115]",0.59907646
"[115, 115, 115, 115, 115, 115, 115, 115, 115]",0.620172895
"[115, 115, 115]",0.602647122
"[116, 116, 116, 116, 116, 116, 116, 116, 116, 116, 116]",0.593894974
"[116, 116, 116, 116, 116, 116, 116, 116, 116, 116]",0.582055412
"[116, 116, 116, 116, 116, 116, 116, 116, 116]",0.606303694
"[116, 116, 116]",0.601095361
"[117, 117, 117, 117, 117, 117, 117, 117, 117, 117, 117]",0.586152277
"[117, 117, 117, 117, 117, 117, 117, 117, 117, 117]",0.612972509
"[117, 117, 117, 117, 117, 117, 117, 117, 117]",0.603210911
"[117, 117, 117]",0.60063896
"[118, 118, 118, 118, 118, 118, 118, 118, 118, 118, 118]",0.57996671
"[118, 118, 118, 118, 118, 118, 118, 118, 118, 118]",0.603742483
"[118, 118, 118, 118, 118, 118, 118, 118, 118]",0.611968428
"[118, 118, 118]",0.575327534
"[119, 119, 119, 119, 119, 119, 119, 119, 119, 119, 119]",0.587730885
"[119, 119, 119, 119, 119, 119, 119, 119, 119, 119]",0.591312285
"[119, 119, 119, 119, 119, 119, 119, 119, 119]",0.611415378
"[119, 119, 119]",0.617595576
"[120, 120, 120, 120, 120, 120, 120, 120, 120, 120, 120]",0.584090421
"[120, 120, 120, 120, 120, 120, 120, 120, 120, 120]",0.585636813
"[120, 120, 120, 120, 120, 120, 120, 120, 120]",0.613471864
"[120, 120, 120]",0.599130155
"[121, 121, 121, 121, 121, 121, 121, 121, 121, 121, 121]",0.58667311
"[121, 121, 121, 121, 121, 121, 121, 121, 121, 121]",0.57481207
"[121, 121, 121, 121, 121, 121, 121, 121, 121]",0.616564648
"[121, 121, 121]",0.589792741
"[122, 122, 122, 122, 122, 122, 122, 122, 122, 122, 122]",0.588729596
"[122, 122, 122, 122, 122, 122, 122, 122, 122, 122]",0.59338488
"[122, 122, 122, 122, 122, 122, 122, 122, 122]",0.614637027
"[122, 122, 122]",0.61773518
"[123, 123, 123, 123, 123, 123, 123, 123, 123, 123, 123]",0.589760524
"[123, 123, 123, 123, 123, 123, 123, 123, 123, 123]",0.596010524
"[123, 123, 123, 123, 123, 123, 123, 123, 123]",0.60845146
"[123, 123, 123]",0.606840636
"[124, 124, 124, 124, 124, 124, 124, 124, 124, 124, 124]",0.57738939
"[124, 124, 124, 124, 124, 124, 124, 124, 124, 124]",0.574296607
"[124, 124, 124, 124, 124, 124, 124, 124, 124]",0.616612973
"[124, 124, 124]",0.601149055
"[125, 125, 125, 125, 125, 125, 125, 125, 125, 125, 125]",0.583574957
"[125, 125, 125, 125, 125, 125, 125, 125, 125, 125]",0.594915163
"[125, 125, 125, 125, 125, 125, 125, 125, 125]",0.611415378
"[125, 125, 125]",0.602722294
"[126, 126, 126, 126, 126, 126, 126, 126, 126, 126, 126]",0.585636813
"[126, 126, 126, 126, 126, 126, 126, 126, 126, 126]",0.595935352
"[126, 126, 126, 126, 126, 126, 126, 126, 126]",0.614078608
"[126, 126, 126]",0.611512027
"[127, 127, 127, 127, 127, 127, 127, 127, 127, 127, 127]",0.588257088
"[127, 127, 127, 127, 127, 127, 127, 127, 127, 127]",0.602169244
"[127, 127, 127, 127, 127, 127, 127, 127, 127]",0.604214991
"[127, 127, 127]",0.626422895
"[128, 128, 128, 128, 128, 128, 128, 128, 128, 128, 128]",0.589760524
"[128, 128, 128, 128, 128, 128, 128, 128, 128, 128]",0.597530069
"[128, 128, 128, 128, 128, 128, 128, 128, 128]",0.594925902
"[128, 128, 128]",0.611979167
"[129, 129, 129, 129, 129, 129, 129, 129, 129, 129, 129]",0.600123497
"[129, 129, 129, 129, 129, 129, 129, 129, 129, 129]",0.578935782
"[129, 129, 129, 129, 129, 129, 129, 129, 129]",0.615018256
"[129, 129, 129]",0.609444802
"[130, 130, 130, 130, 130, 130, 130, 130, 130, 130, 130]",0.592337844
"[130, 130, 130, 130, 130, 130, 130, 130, 130, 130]",0.606770833
"[130, 130, 130, 130, 130, 130, 130, 130, 130]",0.591849227
"[130, 130, 130]",0.626481959
"[131, 131, 131, 131, 131, 131, 131, 131, 131, 131, 131]",0.580482174
"[131, 131, 131, 131, 131, 131, 131, 131, 131, 131]",0.609348153
"[131, 131, 131, 131, 131, 131, 131, 131, 131]",0.602652491
"[131, 131, 131]",0.604193514
"[132, 132, 132, 132, 132, 132, 132, 132, 132, 132, 132]",0.585636813
"[132, 132, 132, 132, 132, 132, 132, 132, 132, 132]",0.546982388
"[132, 132, 132, 132, 132, 132, 132, 132, 132]",0.601685997
"[132, 132, 132]",0.6125
"[133, 133, 133, 133, 133, 133, 133, 133, 133, 133, 133]",0.589771263
"[133, 133, 133, 133, 133, 133, 133, 133, 133, 133]",0.573271048
"[133, 133, 133, 133, 133, 133, 133, 133, 133]",0.614502792
"[133, 133, 133]",0.604708978
"[134, 134, 134, 134, 134, 134, 134, 134, 134, 134, 134]",0.582544029
"[134, 134, 134, 134, 134, 134, 134, 134, 134, 134]",0.593927191
"[134, 134, 134, 134, 134, 134, 134, 134, 134]",0.592337844
"[134, 134, 134]",0.598007947
"[135, 135, 135, 135, 135, 135, 135, 135, 135, 135, 135]",0.594523196
"[135, 135, 135, 135, 135, 135, 135, 135, 135, 135]",0.585642182
"[135, 135, 135, 135, 135, 135, 135, 135, 135]",0.584600515
"[135, 135, 135]",0.614583333
"[136, 136, 136, 136, 136, 136, 136, 136, 136, 136, 136]",0.595994416
"[136, 136, 136, 136, 136, 136, 136, 136, 136, 136]",0.585636813
"[136, 136, 136, 136, 136, 136, 136, 136, 136]",0.603210911
"[136, 136, 136]",0.610379081
"[137, 137, 137, 137, 137, 137, 137, 137, 137, 137, 137]",0.587183204
"[137, 137, 137, 137, 137, 137, 137, 137, 137, 137]",0.595994416
"[137, 137, 137, 137, 137, 137, 137, 137, 137]",0.62279854
"[137, 137, 137]",0.598061641
"[138, 138, 138, 138, 138, 138, 138, 138, 138, 138, 138]",0.581513101
"[138, 138, 138, 138, 138, 138, 138, 138, 138, 138]",0.545978308
"[138, 138, 138, 138, 138, 138, 138, 138, 138]",0.60064433
"[138, 138, 138]",0.606335911
"[139, 139, 139, 139, 139, 139, 139, 139, 139, 139, 139]",0.57996671
"[139, 139, 139, 139, 139, 139, 139, 139, 139, 139]",0.602158505
"[139, 139, 139, 139, 139, 139, 139, 139, 139]",0.607372208
"[139, 139, 139]",0.63272122
"[140, 140, 140, 140, 140, 140, 140, 140, 140, 140, 140]",0.592853308
"[140, 140, 140, 140, 140, 140, 140, 140, 140, 140]",0.593406357
"[140, 140, 140, 140, 140, 140, 140, 140, 140]",0.609906572
"[140, 140, 140]",0.60634128
"[141, 141, 141, 141, 141, 141, 141, 141, 141, 141, 141]",0.591870704
"[141, 141, 141, 141, 141, 141, 141, 141, 141, 141]",0.59182238
"[141, 141, 141, 141, 141, 141, 141, 141, 141]",0.612457045
"[141, 141, 141]",0.603162586
"[142, 142, 142, 142, 142, 142, 142, 142, 142, 142, 142]",0.580997637
"[142, 142, 142, 142, 142, 142, 142, 142, 142, 142]",0.592364691
"[142, 142, 142, 142, 142, 142, 142, 142, 142]",0.599559708
"[142, 142, 142]",0.6254564
"[143, 143, 143, 143, 143, 143, 143, 143, 143, 143, 143]",0.585636813
"[143, 143, 143, 143, 143, 143, 143, 143, 143, 143]",0.589760524
"[143, 143, 143, 143, 143, 143, 143, 143, 143]",0.62592354
"[143, 143, 143]",0.611050258
"[144, 144, 144, 144, 144, 144, 144, 144, 144, 144, 144]",0.587698668
"[144, 144, 144, 144, 144, 144, 144, 144, 144, 144]",0.61203823
"[144, 144, 144, 144, 144, 144, 144, 144, 144]",0.601149055
"[144, 144, 144]",0.594399699
"[145, 145, 145, 145, 145, 145, 145, 145, 145, 145, 145]",0.583059493
"[145, 145, 145, 145, 145, 145, 145, 145, 145, 145]",0.590275988
"[145, 145, 145, 145, 145, 145, 145, 145, 145]",0.59908183
"[145, 145, 145]",0.6129564
"[146, 146, 146, 146, 146, 146, 146, 146, 146, 146, 146]",0.590275988
"[146, 146, 146, 146, 146, 146, 146, 146, 146, 146]",0.615694802
"[146, 146, 146, 146, 146, 146, 146, 146, 146]",0.61047573
"[146, 146, 146]",0.618164734
"[147, 147, 147, 147, 147, 147, 147, 147, 147, 147, 147]",0.585690507
"[147, 147, 147, 147, 147, 147, 147, 147, 147, 147]",0.578973368
"[147, 147, 147, 147, 147, 147, 147, 147, 147]",0.600069802
"[147, 147, 147]",0.613498711
"[148, 148, 148, 148, 148, 148, 148, 148, 148, 148, 148]",0.585121349
"[148, 148, 148, 148, 148, 148, 148, 148, 148, 148]",0.574849656
"[148, 148, 148, 148, 148, 148, 148, 148, 148]",0.60891323
"[148, 148, 148]",0.629096864
"[149, 149, 149, 149, 149, 149, 149, 149, 149, 149, 149]",0.588729596
"[149, 149, 149, 149, 149, 149, 149, 149, 149, 149]",0.600585266
"[149, 149, 149, 149, 149, 149, 149, 149, 149]",0.609401847
"[149, 149, 149]",0.625445662
"[150, 150, 150, 150, 150, 150, 150, 150, 150, 150, 150]",0.59494201
"[150, 150, 150, 150, 150, 150, 150, 150, 150, 150]",0.605761383
"[150, 150, 150, 150, 150, 150, 150, 150, 150]",0.613987328
"[150, 150, 150]",0.626986684
"[151, 151, 151, 151, 151, 151, 151, 151, 151, 151, 151]",0.582028565
"[151, 151, 151, 151, 151, 151, 151, 151, 151, 151]",0.597492483
"[151, 151, 151, 151, 151, 151, 151, 151, 151]",0.610964347
"[151, 151, 151]",0.60992805
"[152, 152, 152, 152, 152, 152, 152, 152, 152, 152, 152]",0.594415808
"[152, 152, 152, 152, 152, 152, 152, 152, 152, 152]",0.59190829
"[152, 152, 152, 152, 152, 152, 152, 152, 152]",0.614567225
"[152, 152, 152]",0.60524055
"[153, 153, 153, 153, 153, 153, 153, 153, 153, 153, 153]",0.577861899
"[153, 153, 153, 153, 153, 153, 153, 153, 153, 153]",0.580997637
"[153, 153, 153, 153, 153, 153, 153, 153, 153]",0.60367805
"[153, 153, 153]",0.615018256
"[154, 154, 154, 154, 154, 154, 154, 154, 154, 154, 154]",0.585636813
"[154, 154, 154, 154, 154, 154, 154, 154, 154, 154]",0.591892182
"[154, 154, 154, 154, 154, 154, 154, 154, 154]",0.6254564
"[154, 154, 154]",0.605294244
"[155, 155, 155, 155, 155, 155, 155, 155, 155, 155, 155]",0.586667741
"[155, 155, 155, 155, 155, 155, 155, 155, 155, 155]",0.59034579
"[155, 155, 155, 155, 155, 155, 155, 155, 155]",0.610894545
"[155, 155, 155]",0.607855455
"[156, 156, 156, 156, 156, 156, 156, 156, 156, 156, 156]",0.581513101
"[156, 156, 156, 156, 156, 156, 156, 156, 156, 156]",0.602647122
"[156, 156, 156, 156, 156, 156, 156, 156, 156]",0.616135095
"[156, 156, 156]",0.599044244
"[157, 157, 157, 157, 157, 157, 157, 157, 157, 157, 157]",0.586152277
"[157, 157, 157, 157, 157, 157, 157, 157, 157, 157]",0.595967569
"[157, 157, 157, 157, 157, 157, 157, 157, 157]",0.609439433
"[157, 157, 157]",0.626541022
"[158, 158, 158, 158, 158, 158, 158, 158, 158, 158, 158]",0.588729596
"[158, 158, 158, 158, 158, 158, 158, 158, 158, 158]",0.603731744
"[158, 158, 158, 158, 158, 158, 158, 158, 158]",0.591306916
"[158, 158, 158]",0.623265679
"[159, 159, 159, 159, 159, 159, 159, 159, 159, 159, 159]",0.582544029
"[159, 159, 159, 159, 159, 159, 159, 159, 159, 159]",0.59751933
"[159, 159, 159, 159, 159, 159, 159, 159, 159]",0.577947809
"[159, 159, 159]",0.620795747
"[160, 160, 160, 160, 160, 160, 160, 160, 160, 160, 160]",0.57996671
"[160, 160, 160, 160, 160, 160, 160, 160, 160, 160]",0.595983677
"[160, 160, 160, 160, 160, 160, 160, 160, 160]",0.6109375
"[160, 160, 160]",0.606352019
"[161, 161, 161, 161, 161, 161, 161, 161, 161, 161, 161]",0.586152277
"[161, 161, 161, 161, 161, 161, 161, 161, 161, 161]",0.591306916
"[161, 161, 161, 161, 161, 161, 161, 161, 161]",0.605299613
"[161, 161, 161]",0.611018041
"[162, 162, 162, 162, 162, 162, 162, 162, 162, 162, 162]",0.592386168
"[162, 162, 162, 162, 162, 162, 162, 162, 162, 162]",0.601122208
"[162, 162, 162, 162, 162, 162, 162, 162, 162]",0.622857603
"[162, 162, 162]",0.627904854
"[163, 163, 163, 163, 163, 163, 163, 163, 163, 163, 163]",0.578436426
"[163, 163, 163, 163, 163, 163, 163, 163, 163, 163]",0.611442225
"[163, 163, 163, 163, 163, 163, 163, 163, 163]",0.604757302
"[163, 163, 163]",0.615109536
"[164, 164, 164, 164, 164, 164, 164, 164, 164, 164, 164]",0.588729596
"[164, 164, 164, 164, 164, 164, 164, 164, 164, 164]",0.603780069
"[164, 164, 164, 164, 164, 164, 164, 164, 164]",0.6125
"[164, 164, 164]",0.597508591
"[165, 165, 165, 165, 165, 165, 165, 165, 165, 165, 165]",0.592337844
"[165, 165, 165, 165, 165, 165, 165, 165, 165, 165]",0.603227019
"[165, 165, 165, 165, 165, 165, 165, 165, 165]",0.617080112
"[165, 165, 165]",0.626460481
"[166, 166, 166, 166, 166, 166, 166, 166, 166, 166, 166]",0.584605885
"[166, 166, 166, 166, 166, 166, 166, 166, 166, 166]",0.583059493
"[166, 166, 166, 166, 166, 166, 166, 166, 166]",0.60009128
"[166, 166, 166]",0.615023625
"[167, 167, 167, 167, 167, 167, 167, 167, 167, 167, 167]",0.570688359
"[167, 167, 167, 167, 167, 167, 167, 167, 167, 167]",0.598555627
"[167, 167, 167, 167, 167, 167, 167, 167, 167]",0.602727663
"[167, 167, 167]",0.628001503
"[168, 168, 168, 168, 168, 168, 168, 168, 168, 168, 168]",0.590297466
"[168, 168, 168, 168, 168, 168, 168, 168, 168, 168]",0.586152277
"[168, 168, 168, 168, 168, 168, 168, 168, 168]",0.596977019
"[168, 168, 168]",0.605782861
"[169, 169, 169, 169, 169, 169, 169, 169, 169, 169, 169]",0.589760524
"[169, 169, 169, 169, 169, 169, 169, 169, 169, 169]",0.600681916
"[169, 169, 169, 169, 169, 169, 169, 169, 169]",0.610894545
"[169, 169, 169]",0.616092139
"[170, 170, 170, 170, 170, 170, 170, 170, 170, 170, 170]",0.562483892
"[170, 170, 170, 170, 170, 170, 170, 170, 170, 170]",0.570215851
"[170, 170, 170, 170, 170, 170, 170, 170, 170]",0.605288875
"[170, 170, 170]",0.608886383
"[171, 171, 171, 171, 171, 171, 171, 171, 171, 171, 171]",0.591312285
"[171, 171, 171, 171, 171, 171, 171, 171, 171, 171]",0.585636813
"[171, 171, 171, 171, 171, 171, 171, 171, 171]",0.597492483
"[171, 171, 171]",0.608832689
"[172, 172, 172, 172, 172, 172, 172, 172, 172, 172, 172]",0.583059493
"[172, 172, 172, 172, 172, 172, 172, 172, 172, 172]",0.597497852
"[172, 172, 172, 172, 172, 172, 172, 172, 172]",0.608902491
"[172, 172, 172]",0.610916022
"[173, 173, 173, 173, 173, 173, 173, 173, 173, 173, 173]",0.587183204
"[173, 173, 173, 173, 173, 173, 173, 173, 173, 173]",0.599554338
"[173, 173, 173, 173, 173, 173, 173, 173, 173]",0.610432775
"[173, 173, 173]",0.624962414
"[174, 174, 174, 174, 174, 174, 174, 174, 174, 174, 174]",0.594979596
"[174, 174, 174, 174, 174, 174, 174, 174, 174, 174]",0.601616194
"[174, 174, 174, 174, 174, 174, 174, 174, 174]",0.613611469
"[174, 174, 174]",0.620333978
"[175, 175, 175, 175, 175, 175, 175, 175, 175, 175, 175]",0.57996671
"[175, 175, 175, 175, 175, 175, 175, 175, 175, 175]",0.586152277
"[175, 175, 175, 175, 175, 175, 175, 175, 175]",0.631029854
"[175, 175, 175]",0.618760739
"[176, 176, 176, 176, 176, 176, 176, 176, 176, 176, 176]",0.580482174
"[176, 176, 176, 176, 176, 176, 176, 176, 176, 176]",0.595989046
"[176, 176, 176, 176, 176, 176, 176, 176, 176]",0.616564648
"[176, 176, 176]",0.624935567
"[177, 177, 177, 177, 177, 177, 177, 177, 177, 177, 177]",0.585636813
"[177, 177, 177, 177, 177, 177, 177, 177, 177, 177]",0.593400988
"[177, 177, 177, 177, 177, 177, 177, 177, 177]",0.607866194
"[177, 177, 177]",0.611920103
"[178, 178, 178, 178, 178, 178, 178, 178, 178, 178, 178]",0.578935782
"[178, 178, 178, 178, 178, 178, 178, 178, 178, 178]",0.590324313
"[178, 178, 178, 178, 178, 178, 178, 178, 178]",0.618690936
"[178, 178, 178]",0.613477234
"[179, 179, 179, 179, 179, 179, 179, 179, 179, 179, 179]",0.583585696
"[179, 179, 179, 179, 179, 179, 179, 179, 179, 179]",0.598550258
"[179, 179, 179, 179, 179, 179, 179, 179, 179]",0.602131658
"[179, 179, 179]",0.592853308
"[180, 180, 180, 180, 180, 180, 180, 180, 180, 180, 180]",0.586667741
"[180, 180, 180, 180, 180, 180, 180, 180, 180, 180]",0.59852878
"[180, 180, 180, 180, 180, 180, 180, 180, 180]",0.634149485
"[180, 180, 180]",0.617686856
"[181, 181, 181, 181, 181, 181, 181, 181, 181, 181, 181]",0.582560137
"[181, 181, 181, 181, 181, 181, 181, 181, 181, 181]",0.59080756
"[181, 181, 181, 181, 181, 181, 181, 181, 181]",0.6073561
"[181, 181, 181]",0.6089186
"[182, 182, 182, 182, 182, 182, 182, 182, 182, 182, 182]",0.59907646
"[182, 182, 182, 182, 182, 182, 182, 182, 182, 182]",0.586152277
"[182, 182, 182, 182, 182, 182, 182, 182, 182]",0.605782861
"[182, 182, 182]",0.615667955
"[183, 183, 183, 183, 183, 183, 183, 183, 183, 183, 183]",0.601664519
"[183, 183, 183, 183, 183, 183, 183, 183, 183, 183]",0.585212629
"[183, 183, 183, 183, 183, 183, 183, 183, 183]",0.597578393
"[183, 183, 183]",0.6089186
"[184, 184, 184, 184, 184, 184, 184, 184, 184, 184, 184]",0.592853308
"[184, 184, 184, 184, 184, 184, 184, 184, 184, 184]",0.609434064
"[184, 184, 184, 184, 184, 184, 184, 184, 184]",0.622803909
"[184, 184, 184]",0.594399699
"[185, 185, 185, 185, 185, 185, 185, 185, 185, 185, 185]",0.581534579
"[185, 185, 185, 185, 185, 185, 185, 185, 185, 185]",0.591892182
"[185, 185, 185, 185, 185, 185, 185, 185, 185]",0.595989046
"[185, 185, 185]",0.651680627
"[186, 186, 186, 186, 186, 186, 186, 186, 186, 186, 186]",0.590275988
"[186, 186, 186, 186, 186, 186, 186, 186, 186, 186]",0.565539089
"[186, 186, 186, 186, 186, 186, 186, 186, 186]",0.599581186
"[186, 186, 186]",0.62858677
"[187, 187, 187, 187, 187, 187, 187, 187, 187, 187, 187]",0.579456615
"[187, 187, 187, 187, 187, 187, 187, 187, 187, 187]",0.58924506
"[187, 187, 187, 187, 187, 187, 187, 187, 187]",0.609863617
"[187, 187, 187]",0.611512027
"[188, 188, 188, 188, 188, 188, 188, 188, 188, 188, 188]",0.59034579
"[188, 188, 188, 188, 188, 188, 188, 188, 188, 188]",0.596977019
"[188, 188, 188, 188, 188, 188, 188, 188, 188]",0.605224442
"[188, 188, 188]",0.64503866
"[189, 189, 189, 189, 189, 189, 189, 189, 189, 189, 189]",0.586152277
"[189, 189, 189, 189, 189, 189, 189, 189, 189, 189]",0.599103308
"[189, 189, 189, 189, 189, 189, 189, 189, 189]",0.598603952
"[189, 189, 189]",0.6254564
"[190, 190, 190, 190, 190, 190, 190, 190, 190, 190, 190]",0.583574957
"[190, 190, 190, 190, 190, 190, 190, 190, 190, 190]",0.597567655
"[190, 190, 190, 190, 190, 190, 190, 190, 190]",0.600585266
"[190, 190, 190]",0.647138101
"[191, 191, 191, 191, 191, 191, 191, 191, 191, 191, 191]",0.585121349
"[191, 191, 191, 191, 191, 191, 191, 191, 191, 191]",0.610991194
"[191, 191, 191, 191, 191, 191, 191, 191, 191]",0.607302405
"[191, 191, 191]",0.561979167
"[192, 192, 192, 192, 192, 192, 192, 192, 192, 192, 192]",0.586152277
"[192, 192, 192, 192, 192, 192, 192, 192, 192, 192]",0.595011813
"[192, 192, 192, 192, 192, 192, 192, 192, 192]",0.61203823
"[192, 192, 192]",0.618148625
"[193, 193, 193, 193, 193, 193, 193, 193, 193, 193, 193]",0.586689218
"[193, 193, 193, 193, 193, 193, 193, 193, 193, 193]",0.585636813
"[193, 193, 193, 193, 193, 193, 193, 193, 193]",0.612983247
"[193, 193, 193]",0.624457689
"[194, 194, 194, 194, 194, 194, 194, 194, 194, 194, 194]",0.575848368
"[194, 194, 194, 194, 194, 194, 194, 194, 194, 194]",0.580063359
"[194, 194, 194, 194, 194, 194, 194, 194, 194]",0.593411727
"[194, 194, 194]",0.621848153
"[195, 195, 195, 195, 195, 195, 195, 195, 195, 195, 195]",0.584111899
"[195, 195, 195, 195, 195, 195, 195, 195, 195, 195]",0.596977019
"[195, 195, 195, 195, 195, 195, 195, 195, 195]",0.598523411
"[195, 195, 195]",0.623324742
"[196, 196, 196, 196, 196, 196, 196, 196, 196, 196, 196]",0.587183204
"[196, 196, 196, 196, 196, 196, 196, 196, 196, 196]",0.599618771
"[196, 196, 196, 196, 196, 196, 196, 196, 196]",0.623314003
"[196, 196, 196]",0.612478522
"[197, 197, 197, 197, 197, 197, 197, 197, 197, 197, 197]",0.585636813
"[197, 197, 197, 197, 197, 197, 197, 197, 197, 197]",0.590791452
"[197, 197, 197, 197, 197, 197, 197, 197, 197]",0.604837844
"[197, 197, 197]",0.602190722
"[198, 198, 198, 198, 198, 198, 198, 198, 198, 198, 198]",0.60165378
"[198, 198, 198, 198, 198, 198, 198, 198, 198, 198]",0.597492483
"[198, 198, 198, 198, 198, 198, 198, 198, 198]",0.584154854
"[198, 198, 198]",0.604708978
"[199, 199, 199, 199, 199, 199, 199, 199, 199, 199, 199]",0.589234321
"[199, 199, 199, 199, 199, 199, 199, 199, 199, 199]",0.574291237
"[199, 199, 199, 199, 199, 199, 199, 199, 199]",0.610438144
"[199, 199, 199]",0.587768471
"[200, 200, 200, 200, 200, 200, 200, 200, 200, 200, 200]",0.605772122
"[200, 200, 200, 200, 200, 200, 200, 200, 200, 200]",0.594442655
"[200, 200, 200, 200, 200, 200, 200, 200, 200]",0.598007947
"[200, 200, 200]",0.636275773
"[201, 201, 201, 201, 201, 201, 201, 201, 201, 201, 201]",0.583059493
"[201, 201, 201, 201, 201, 201, 201, 201, 201, 201]",0.600671177
"[201, 201, 201, 201, 201, 201, 201, 201, 201]",0.602131658
"[201, 201, 201]",0.580015034
"[202, 202, 202, 202, 202, 202, 202, 202, 202, 202, 202]",0.596515249
"[202, 202, 202, 202, 202, 202, 202, 202, 202, 202]",0.597009235
"[202, 202, 202, 202, 202, 202, 202, 202, 202]",0.619684278
"[202, 202, 202]",0.636785868
"[203, 203, 203, 203, 203, 203, 203, 203, 203, 203, 203]",0.585126718
"[203, 203, 203, 203, 203, 203, 203, 203, 203, 203]",0.591306916
"[203, 203, 203, 203, 203, 203, 203, 203, 203]",0.607286297
"[203, 203, 203]",0.617654639
"[204, 204, 204, 204, 204, 204, 204, 204, 204, 204, 204]",0.591881443
"[204, 204, 204, 204, 204, 204, 204, 204, 204, 204]",0.591306916
"[204, 204, 204, 204, 204, 204, 204, 204, 204]",0.617713703
"[204, 204, 204]",0.626004081
"[205, 205, 205, 205, 205, 205, 205, 205, 205, 205, 205]",0.58924506
"[205, 205, 205, 205, 205, 205, 205, 205, 205, 205]",0.585636813
"[205, 205, 205, 205, 205, 205, 205, 205, 205]",0.58078823
"[205, 205, 205]",0.626949098
"[206, 206, 206, 206, 206, 206, 206, 206, 206, 206, 206]",0.581513101
"[206, 206, 206, 206, 206, 206, 206, 206, 206, 206]",0.592337844
"[206, 206, 206, 206, 206, 206, 206, 206, 206]",0.578984107
"[206, 206, 206]",0.623952964
"[207, 207, 207, 207, 207, 207, 207, 207, 207, 207, 207]",0.588289304
"[207, 207, 207, 207, 207, 207, 207, 207, 207, 207]",0.592944588
"[207, 207, 207, 207, 207, 207, 207, 207, 207]",0.584605885
"[207, 207, 207]",0.604848582
"[208, 208, 208, 208, 208, 208, 208, 208, 208, 208, 208]",0.585121349
"[208, 208, 208, 208, 208, 208, 208, 208, 208, 208]",0.598560997
"[208, 208, 208, 208, 208, 208, 208, 208, 208]",0.601149055
"[208, 208, 208]",0.621241409
"[209, 209, 209, 209, 209, 209, 209, 209, 209, 209, 209]",0.584632732
"[209, 209, 209, 209, 209, 209, 209, 209, 209, 209]",0.564502792
"[209, 209, 209, 209, 209, 209, 209, 209, 209]",0.592337844
"[209, 209, 209]",0.610379081
"[210, 210, 210, 210, 210, 210, 210, 210, 210, 210, 210]",0.593390249
"[210, 210, 210, 210, 210, 210, 210, 210, 210, 210]",0.597562285
"[210, 210, 210, 210, 210, 210, 210, 210, 210]",0.590855885
"[210, 210, 210]",0.615549828
"[211, 211, 211, 211, 211, 211, 211, 211, 211, 211, 211]",0.579939863
"[211, 211, 211, 211, 211, 211, 211, 211, 211, 211]",0.584149485
"[211, 211, 211, 211, 211, 211, 211, 211, 211]",0.608945447
"[211, 211, 211]",0.63152384
"[212, 212, 212, 212, 212, 212, 212, 212, 212, 212, 212]",0.579977448
"[212, 212, 212, 212, 212, 212, 212, 212, 212, 212]",0.606314433
"[212, 212, 212, 212, 212, 212, 212, 212, 212]",0.594899055
"[212, 212, 212]",0.62738939
"[213, 213, 213, 213, 213, 213, 213, 213, 213, 213, 213]",0.591306916
"[213, 213, 213, 213, 213, 213, 213, 213, 213, 213]",0.59182238
"[213, 213, 213, 213, 213, 213, 213, 213, 213]",0.610400558
"[213, 213, 213]",0.628028351
"[214, 214, 214, 214, 214, 214, 214, 214, 214, 214, 214]",0.586163015
"[214, 214, 214, 214, 214, 214, 214, 214, 214, 214]",0.57738939
"[214, 214, 214, 214, 214, 214, 214, 214, 214]",0.607334622
"[214, 214, 214]",0.620688359
"[215, 215, 215, 215, 215, 215, 215, 215, 215, 215, 215]",0.563998067
"[215, 215, 215, 215, 215, 215, 215, 215, 215, 215]",0.586152277
"[215, 215, 215, 215, 215, 215, 215, 215, 215]",0.615088058
"[215, 215, 215]",0.615018256
"[216, 216, 216, 216, 216, 216, 216, 216, 216, 216, 216]",0.58925043
"[216, 216, 216, 216, 216, 216, 216, 216, 216, 216]",0.587698668
"[216, 216, 216, 216, 216, 216, 216, 216, 216]",0.609417955
"[216, 216, 216]",0.613987328
"[217, 217, 217, 217, 217, 217, 217, 217, 217, 217, 217]",0.584122637
"[217, 217, 217, 217, 217, 217, 217, 217, 217, 217]",0.607291667
"[217, 217, 217, 217, 217, 217, 217, 217, 217]",0.602684708
"[217, 217, 217]",0.640925687
"[218, 218, 218, 218, 218, 218, 218, 218, 218, 218, 218]",0.588756443
"[218, 218, 218, 218, 218, 218, 218, 218, 218, 218]",0.588214132
"[218, 218, 218, 218, 218, 218, 218, 218, 218]",0.570720576
"[218, 218, 218]",0.617192869
"[219, 219, 219, 219, 219, 219, 219, 219, 219, 219, 219]",0.591323024
"[219, 219, 219, 219, 219, 219, 219, 219, 219, 219]",0.592337844
"[219, 219, 219, 219, 219, 219, 219, 219, 219]",0.604768041
"[219, 219, 219]",0.624436211
"[220, 220, 220, 220, 220, 220, 220, 220, 220, 220, 220]",0.586152277
"[220, 220, 220, 220, 220, 220, 220, 220, 220, 220]",0.587698668
"[220, 220, 220, 220, 220, 220, 220, 220, 220]",0.597567655
"[220, 220, 220]",0.638230241
"[221, 221, 221, 221, 221, 221, 221, 221, 221, 221, 221]",0.587183204
"[221, 221, 221, 221, 221, 221, 221, 221, 221, 221]",0.590297466
"[221, 221, 221, 221, 221, 221, 221, 221, 221]",0.597508591
"[221, 221, 221]",0.612553694
"[222, 222, 222, 222, 222, 222, 222, 222, 222, 222, 222]",0.58409579
"[222, 222, 222, 222, 222, 222, 222, 222, 222, 222]",0.596977019
"[222, 222, 222, 222, 222, 222, 222, 222, 222]",0.591838488
"[222, 222, 222]",0.617584837
"[223, 223, 223, 223, 223, 223, 223, 223, 223, 223, 223]",0.592337844
"[223, 223, 223, 223, 223, 223, 223, 223, 223, 223]",0.583601804
"[223, 223, 223, 223, 223, 223, 223, 223, 223]",0.609348153
"[223, 223, 223]",0.61967354
"[224, 224, 224, 224, 224, 224, 224, 224, 224, 224, 224]",0.591784794
"[224, 224, 224, 224, 224, 224, 224, 224, 224, 224]",0.589782002
"[224, 224, 224, 224, 224, 224, 224, 224, 224]",0.589298754
"[224, 224, 224]",0.640447809
"[225, 225, 225, 225, 225, 225, 225, 225, 225, 225, 225]",0.585121349
"[225, 225, 225, 225, 225, 225, 225, 225, 225, 225]",0.58410116
"[225, 225, 225, 225, 225, 225, 225, 225, 225]",0.591344502
"[225, 225, 225]",0.631137242
"[226, 226, 226, 226, 226, 226, 226, 226, 226, 226, 226]",0.587698668
"[226, 226, 226, 226, 226, 226, 226, 226, 226, 226]",0.588794029
"[226, 226, 226, 226, 226, 226, 226, 226, 226]",0.606819158
"[226, 226, 226]",0.609348153
"[227, 227, 227, 227, 227, 227, 227, 227, 227, 227, 227]",0.596461555
"[227, 227, 227, 227, 227, 227, 227, 227, 227, 227]",0.585636813
"[227, 227, 227, 227, 227, 227, 227, 227, 227]",0.599645619
"[227, 227, 227]",0.609348153
"[228, 228, 228, 228, 228, 228, 228, 228, 228, 228, 228]",0.583585696
"[228, 228, 228, 228, 228, 228, 228, 228, 228, 228]",0.586705326
"[228, 228, 228, 228, 228, 228, 228, 228, 228]",0.59126396
"[228, 228, 228]",0.620806486
"[229, 229, 229, 229, 229, 229, 229, 229, 229, 229, 229]",0.589803479
"[229, 229, 229, 229, 229, 229, 229, 229, 229, 229]",0.593368771
"[229, 229, 229, 229, 229, 229, 229, 229, 229]",0.602228308
"[229, 229, 229]",0.619657431
"[230, 230, 230, 230, 230, 230, 230, 230, 230, 230, 230]",0.587188574
"[230, 230, 230, 230, 230, 230, 230, 230, 230, 230]",0.556287586
"[230, 230, 230, 230, 230, 230, 230, 230, 230]",0.620172895
"[230, 230, 230]",0.642987543
"[231, 231, 231, 231, 231, 231, 231, 231, 231, 231, 231]",0.576358462
"[231, 231, 231, 231, 231, 231, 231, 231, 231, 231]",0.56507195
"[231, 231, 231, 231, 231, 231, 231, 231, 231]",0.605347938
"[231, 231, 231]",0.625993342
"[232, 232, 232, 232, 232, 232, 232, 232, 232, 232, 232]",0.582028565
"[232, 232, 232, 232, 232, 232, 232, 232, 232, 232]",0.586173754
"[232, 232, 232, 232, 232, 232, 232, 232, 232]",0.616612973
"[232, 232, 232]",0.606808419
"[233, 233, 233, 233, 233, 233, 233, 233, 233, 233, 233]",0.601208119
"[233, 233, 233, 233, 233, 233, 233, 233, 233, 233]",0.583574957
"[233, 233, 233, 233, 233, 233, 233, 233, 233]",0.571305842
"[233, 233, 233]",0.587210052
"[234, 234, 234, 234, 234, 234, 234, 234, 234, 234, 234]",0.587183204
"[234, 234, 234, 234, 234, 234, 234, 234, 234, 234]",0.591306916
"[234, 234, 234, 234, 234, 234, 234, 234, 234]",0.592391538
"[234, 234, 234]",0.604768041
"[235, 235, 235, 235, 235, 235, 235, 235, 235, 235, 235]",0.589261168
"[235, 235, 235, 235, 235, 235, 235, 235, 235, 235]",0.589760524
"[235, 235, 235, 235, 235, 235, 235, 235, 235]",0.602695447
"[235, 235, 235]",0.638767182
"[236, 236, 236, 236, 236, 236, 236, 236, 236, 236, 236]",0.571225301
"[236, 236, 236, 236, 236, 236, 236, 236, 236, 236]",0.594968857
"[236, 236, 236, 236, 236, 236, 236, 236, 236]",0.60110073
"[236, 236, 236]",0.627443084
"[237, 237, 237, 237, 237, 237, 237, 237, 237, 237, 237]",0.597014605
"[237, 237, 237, 237, 237, 237, 237, 237, 237, 237]",0.580482174
"[237, 237, 237, 237, 237, 237, 237, 237, 237]",0.584160223
"[237, 237, 237]",0.631013746
"[238, 238, 238, 238, 238, 238, 238, 238, 238, 238, 238]",0.596466924
"[238, 238, 238, 238, 238, 238, 238, 238, 238, 238]",0.601648411
"[238, 238, 238, 238, 238, 238, 238, 238, 238]",0.595978308
"[238, 238, 238]",0.657909149
"[239, 239, 239, 239, 239, 239, 239, 239, 239, 239, 239]",0.594963488
"[239, 239, 239, 239, 239, 239, 239, 239, 239, 239]",0.599570447
"[239, 239, 239, 239, 239, 239, 239, 239, 239]",0.597009235
"[239, 239, 239]",0.622744845
"[240, 240, 240, 240, 240, 240, 240, 240, 240, 240, 240]",0.589808849
"[240, 240, 240, 240, 240, 240, 240, 240, 240, 240]",0.539282646
"[240, 240, 240, 240, 240, 240, 240, 240, 240]",0.584611254
"[240, 240, 240]",0.655321091
"[241, 241, 241, 241, 241, 241, 241, 241, 241, 241, 241]",0.592912371
"[241, 241, 241, 241, 241, 241, 241, 241, 241, 241]",0.597014605
"[241, 241, 241, 241, 241, 241, 241, 241, 241]",0.606819158
"[241, 241, 241]",0.613015464
"[242, 242, 242, 242, 242, 242, 242, 242, 242, 242, 242]",0.590839777
"[242, 242, 242, 242, 242, 242, 242, 242, 242, 242]",0.575842998
"[242, 242, 242, 242, 242, 242, 242, 242, 242]",0.559460911
"[242, 242, 242]",0.631078179
"[243, 243, 243, 243, 243, 243, 243, 243, 243, 243, 243]",0.589261168
"[243, 243, 243, 243, 243, 243, 243, 243, 243, 243]",0.598571735
"[243, 243, 243, 243, 243, 243, 243, 243, 243]",0.59337951
"[243, 243, 243]",0.617090851
"[244, 244, 244, 244, 244, 244, 244, 244, 244, 244, 244]",0.569190292
"[244, 244, 244, 244, 244, 244, 244, 244, 244, 244]",0.592853308
"[244, 244, 244, 244, 244, 244, 244, 244, 244]",0.59494738
"[244, 244, 244]",0.624296607
"[245, 245, 245, 245, 245, 245, 245, 245, 245, 245, 245]",0.594399699
"[245, 245, 245, 245, 245, 245, 245, 245, 245, 245]",0.594958119
"[245, 245, 245, 245, 245, 245, 245, 245, 245]",0.578463273
"[245, 245, 245]",0.608344072
"[246, 246, 246, 246, 246, 246, 246, 246, 246, 246, 246]",0.587188574
"[246, 246, 246, 246, 246, 246, 246, 246, 246, 246]",0.604263316
"[246, 246, 246, 246, 246, 246, 246, 246, 246]",0.58878866
"[246, 246, 246]",0.633698454
"[247, 247, 247, 247, 247, 247, 247, 247, 247, 247, 247]",0.550069802
"[247, 247, 247, 247, 247, 247, 247, 247, 247, 247]",0.592337844
"[247, 247, 247, 247, 247, 247, 247, 247, 247]",0.596015893
"[247, 247, 247]",0.622873711
"[248, 248, 248, 248, 248, 248, 248, 248, 248, 248, 248]",0.58207689
"[248, 248, 248, 248, 248, 248, 248, 248, 248, 248]",0.607334622
"[248, 248, 248, 248, 248, 248, 248, 248, 248]",0.592966065
"[248, 248, 248]",0.607345361
"[249, 249, 249, 249, 249, 249, 249, 249, 249, 249, 249]",0.579977448
"[249, 249, 249, 249, 249, 249, 249, 249, 249, 249]",0.589765893
"[249, 249, 249, 249, 249, 249, 249, 249, 249]",0.598007947
"[249, 249, 249]",0.639288015
