"[50, 50, 50, 50]",0.5913069158075601
"[50, 50, 50, 50, 50]",0.6145564862542956
"[50, 50, 50, 50, 50, 50]",0.6063305412371134
"[50, 50, 50, 50, 50, 50, 50]",0.6182237972508592
"[50, 50, 50, 50, 50, 50, 50, 50]",0.565098797250859
"[51, 51, 51, 51]",0.5974924828178694
"[51, 51, 51, 51, 51]",0.6057721219931271
"[51, 51, 51, 51, 51, 51]",0.6001288659793815
"[51, 51, 51, 51, 51, 51, 51]",0.6057452749140894
"[51, 51, 51, 51, 51, 51, 51, 51]",0.6114851804123712
"[52, 52, 52, 52]",0.5933687714776632
"[52, 52, 52, 52, 52]",0.606824527491409
"[52, 52, 52, 52, 52, 52]",0.6057560137457044
"[52, 52, 52, 52, 52, 52, 52]",0.6160706615120275
"[52, 52, 52, 52, 52, 52, 52, 52]",0.6099065721649485
"[53, 53, 53, 53]",0.5964615549828179
"[53, 53, 53, 53, 53]",0.6274860395189003
"[53, 53, 53, 53, 53, 53]",0.6475783934707905
"[53, 53, 53, 53, 53, 53, 53]",0.6135792525773196
"[53, 53, 53, 53, 53, 53, 53, 53]",0.6000751718213059
"[54, 54, 54, 54]",0.6026471219931271
"[54, 54, 54, 54, 54]",0.611474441580756
"[54, 54, 54, 54, 54, 54]",0.6129725085910652
"[54, 54, 54, 54, 54, 54, 54]",0.6222347508591064
"[54, 54, 54, 54, 54, 54, 54, 54]",0.6068996993127148
"[55, 55, 55, 55]",0.6016484106529209
"[55, 55, 55, 55, 55]",0.614637027491409
"[55, 55, 55, 55, 55, 55]",0.5995919243986254
"[55, 55, 55, 55, 55, 55, 55]",0.6089078608247424
"[55, 55, 55, 55, 55, 55, 55, 55]",0.6047089776632302
"[56, 56, 56, 56]",0.6011436855670104
"[56, 56, 56, 56, 56]",0.6094448024054983
"[56, 56, 56, 56, 56, 56]",0.6160867697594502
"[56, 56, 56, 56, 56, 56, 56]",0.6201728951890035
"[56, 56, 56, 56, 56, 56, 56, 56]",0.6016484106529209
"[57, 57, 57, 57]",0.5748120704467354
"[57, 57, 57, 57, 57]",0.6264014175257733
"[57, 57, 57, 57, 57, 57]",0.6032592353951889
"[57, 57, 57, 57, 57, 57, 57]",0.6124892611683849
"[57, 57, 57, 57, 57, 57, 57, 57]",0.5804821735395188
"[58, 58, 58, 58]",0.6052781357388317
"[58, 58, 58, 58, 58]",0.6212897336769762
"[58, 58, 58, 58, 58, 58]",0.6114905498281786
"[58, 58, 58, 58, 58, 58, 58]",0.6088326890034365
"[58, 58, 58, 58, 58, 58, 58, 58]",0.5795478951890034
"[59, 59, 59, 59]",0.616124355670103
"[59, 59, 59, 59, 59]",0.6057774914089347
"[59, 59, 59, 59, 59, 59]",0.6305895618556703
"[59, 59, 59, 59, 59, 59, 59]",0.6078554553264606
"[59, 59, 59, 59, 59, 59, 59, 59]",0.608838058419244
"[60, 60, 60, 60]",0.5767719072164947
"[60, 60, 60, 60, 60]",0.5970307130584194
"[60, 60, 60, 60, 60, 60]",0.6036780498281786
"[60, 60, 60, 60, 60, 60, 60]",0.6259181701030928
"[60, 60, 60, 60, 60, 60, 60, 60]",0.6093964776632302
"[61, 61, 61, 61]",0.5970414518900343
"[61, 61, 61, 61, 61]",0.6362704037800688
"[61, 61, 61, 61, 61, 61]",0.6218374140893471
"[61, 61, 61, 61, 61, 61, 61]",0.6316151202749142
"[61, 61, 61, 61, 61, 61, 61, 61]",0.594995704467354
"[62, 62, 62, 62]",0.601648410652921
"[62, 62, 62, 62, 62]",0.6114690721649485
"[62, 62, 62, 62, 62, 62]",0.6315775343642611
"[62, 62, 62, 62, 62, 62, 62]",0.5913874570446735
"[62, 62, 62, 62, 62, 62, 62, 62]",0.6057399054982817
"[63, 63, 63, 63]",0.6042633161512028
"[63, 63, 63, 63, 63]",0.6016376718213058
"[63, 63, 63, 63, 63, 63]",0.638294673539519
"[63, 63, 63, 63, 63, 63, 63]",0.619141967353952
"[63, 63, 63, 63, 63, 63, 63, 63]",0.6145887027491408
"[64, 64, 64, 64]",0.5970146048109964
"[64, 64, 64, 64, 64]",0.6217837199312715
"[64, 64, 64, 64, 64, 64]",0.619141967353952
"[64, 64, 64, 64, 64, 64, 64]",0.6042257302405498
"[64, 64, 64, 64, 64, 64, 64, 64]",0.6011222079037802
"[65, 65, 65, 65]",0.619813144329897
"[65, 65, 65, 65, 65]",0.6378382731958764
"[65, 65, 65, 65, 65, 65]",0.6242966065292096
"[65, 65, 65, 65, 65, 65, 65]",0.6109106529209621
"[65, 65, 65, 65, 65, 65, 65, 65]",0.6243878865979382
"[66, 66, 66, 66]",0.6072862972508591
"[66, 66, 66, 66, 66]",0.610985824742268
"[66, 66, 66, 66, 66, 66]",0.6139873281786941
"[66, 66, 66, 66, 66, 66, 66]",0.6253275343642611
"[66, 66, 66, 66, 66, 66, 66, 66]",0.6165753865979382
"[67, 67, 67, 67]",0.6073238831615119
"[67, 67, 67, 67, 67]",0.611963058419244
"[67, 67, 67, 67, 67, 67]",0.6208118556701032
"[67, 67, 67, 67, 67, 67, 67]",0.6175955756013745
"[67, 67, 67, 67, 67, 67, 67, 67]",0.6089185996563574
"[68, 68, 68, 68]",0.6078286082474226
"[68, 68, 68, 68, 68]",0.5969877577319588
"[68, 68, 68, 68, 68, 68]",0.6346542096219931
"[68, 68, 68, 68, 68, 68, 68]",0.6398840206185568
"[68, 68, 68, 68, 68, 68, 68, 68]",0.6296123281786941
"[69, 69, 69, 69]",0.6068137886597939
"[69, 69, 69, 69, 69]",0.6175955756013746
"[69, 69, 69, 69, 69, 69]",0.6088756443298969
"[69, 69, 69, 69, 69, 69, 69]",0.6290861254295532
"[69, 69, 69, 69, 69, 69, 69, 69]",0.6176546391752578
"[70, 70, 70, 70]",0.5918975515463917
"[70, 70, 70, 70, 70]",0.62433956185567
"[70, 70, 70, 70, 70, 70]",0.6486737542955326
"[70, 70, 70, 70, 70, 70, 70]",0.6295371563573883
"[70, 70, 70, 70, 70, 70, 70, 70]",0.6109965635738832
"[71, 71, 71, 71]",0.6093481529209621
"[71, 71, 71, 71, 71]",0.6078930412371134
"[71, 71, 71, 71, 71, 71]",0.6341978092783506
"[71, 71, 71, 71, 71, 71, 71]",0.6053371993127148
"[71, 71, 71, 71, 71, 71, 71, 71]",0.6197111254295533
"[72, 72, 72, 72]",0.611925472508591
"[72, 72, 72, 72, 72]",0.6269598367697595
"[72, 72, 72, 72, 72, 72]",0.6094018470790379
"[72, 72, 72, 72, 72, 72, 72]",0.6150719501718214
"[72, 72, 72, 72, 72, 72, 72, 72]",0.6212145618556701
"[73, 73, 73, 73]",0.6311265034364261
"[73, 73, 73, 73, 73]",0.6202641752577319
"[73, 73, 73, 73, 73, 73]",0.6403994845360825
"[73, 73, 73, 73, 73, 73, 73]",0.6160975085910654
"[73, 73, 73, 73, 73, 73, 73, 73]",0.6471273625429554
"[74, 74, 74, 74]",0.6067923109965637
"[74, 74, 74, 74, 74]",0.6082903780068729
"[74, 74, 74, 74, 74, 74]",0.6383107817869417
"[74, 74, 74, 74, 74, 74, 74]",0.6161350945017182
"[74, 74, 74, 74, 74, 74, 74, 74]",0.6315936426116838
"[75, 75, 75, 75]",0.6052512886597939
"[75, 75, 75, 75, 75]",0.6098689862542956
"[75, 75, 75, 75, 75, 75]",0.6202641752577319
"[75, 75, 75, 75, 75, 75, 75]",0.6104327749140894
"[75, 75, 75, 75, 75, 75, 75, 75]",0.615136383161512
"[76, 76, 76, 76]",0.5960158934707904
"[76, 76, 76, 76, 76]",0.6201997422680413
"[76, 76, 76, 76, 76, 76]",0.6114100085910653
"[76, 76, 76, 76, 76, 76, 76]",0.6217998281786943
"[76, 76, 76, 76, 76, 76, 76, 76]",0.6228307560137458
"[77, 77, 77, 77]",0.6114100085910652
"[77, 77, 77, 77, 77]",0.6114798109965637
"[77, 77, 77, 77, 77, 77]",0.624463058419244
"[77, 77, 77, 77, 77, 77, 77]",0.6336232817869416
"[77, 77, 77, 77, 77, 77, 77, 77]",0.615088058419244
"[78, 78, 78, 78]",0.630068728522337
"[78, 78, 78, 78, 78]",0.624855025773196
"[78, 78, 78, 78, 78, 78]",0.6362274484536082
"[78, 78, 78, 78, 78, 78, 78]",0.6146423969072166
"[78, 78, 78, 78, 78, 78, 78, 78]",0.6007141323024056
"[79, 79, 79, 79]",0.6243878865979383
"[79, 79, 79, 79, 79]",0.6512188573883162
"[79, 79, 79, 79, 79, 79]",0.6485985824742269
"[79, 79, 79, 79, 79, 79, 79]",0.6388369845360826
"[79, 79, 79, 79, 79, 79, 79, 79]",0.6274538230240551
"[80, 80, 80, 80]",0.6145027920962199
"[80, 80, 80, 80, 80]",0.6211984536082474
"[80, 80, 80, 80, 80, 80]",0.6300526202749142
"[80, 80, 80, 80, 80, 80, 80]",0.6409203178694158
"[80, 80, 80, 80, 80, 80, 80, 80]",0.62900558419244
"[81, 81, 81, 81]",0.6103790807560138
"[81, 81, 81, 81, 81]",0.582629939862543
"[81, 81, 81, 81, 81, 81]",0.6341924398625431
"[81, 81, 81, 81, 81, 81, 81]",0.6016537800687286
"[81, 81, 81, 81, 81, 81, 81, 81]",0.6145833333333333
"[82, 82, 82, 82]",0.6259020618556701
"[82, 82, 82, 82, 82]",0.638294673539519
"[82, 82, 82, 82, 82, 82]",0.6053049828178695
"[82, 82, 82, 82, 82, 82, 82]",0.628576030927835
"[82, 82, 82, 82, 82, 82, 82, 82]",0.642992912371134
"[83, 83, 83, 83]",0.6187553694158076
"[83, 83, 83, 83, 83]",0.6325547680412371
"[83, 83, 83, 83, 83, 83]",0.6300096649484537
"[83, 83, 83, 83, 83, 83, 83]",0.6331615120274915
"[83, 83, 83, 83, 83, 83, 83, 83]",0.58727985395189
"[84, 84, 84, 84]",0.6218588917525772
"[84, 84, 84, 84, 84]",0.6501986683848797
"[84, 84, 84, 84, 84, 84]",0.6058150773195876
"[84, 84, 84, 84, 84, 84, 84]",0.6398303264604812
"[84, 84, 84, 84, 84, 84, 84, 84]",0.6110073024054983
"[85, 85, 85, 85]",0.6249248281786941
"[85, 85, 85, 85, 85]",0.6409203178694158
"[85, 85, 85, 85, 85, 85]",0.6331239261168384
"[85, 85, 85, 85, 85, 85, 85]",0.6263853092783507
"[85, 85, 85, 85, 85, 85, 85, 85]",0.6341870704467353
"[86, 86, 86, 86]",0.6145618556701031
"[86, 86, 86, 86, 86]",0.6269652061855671
"[86, 86, 86, 86, 86, 86]",0.6610878436426116
"[86, 86, 86, 86, 86, 86, 86]",0.6357442010309279
"[86, 86, 86, 86, 86, 86, 86, 86]",0.6454521048109967
"[87, 87, 87, 87]",0.5836232817869415
"[87, 87, 87, 87, 87]",0.604198883161512
"[87, 87, 87, 87, 87, 87]",0.6372959621993127
"[87, 87, 87, 87, 87, 87, 87]",0.6548378436426117
"[87, 87, 87, 87, 87, 87, 87, 87]",0.6218051975945018
"[88, 88, 88, 88]",0.5995543384879725
"[88, 88, 88, 88, 88]",0.6187016752577321
"[88, 88, 88, 88, 88, 88]",0.6481421821305843
"[88, 88, 88, 88, 88, 88, 88]",0.6352126288659795
"[88, 88, 88, 88, 88, 88, 88, 88]",0.6321359536082476
"[89, 89, 89, 89]",0.6104864690721649
"[89, 89, 89, 89, 89]",0.609863616838488
"[89, 89, 89, 89, 89, 89]",0.6318782216494846
"[89, 89, 89, 89, 89, 89, 89]",0.639368556701031
"[89, 89, 89, 89, 89, 89, 89, 89]",0.6320607817869417
"[90, 90, 90, 90]",0.6212038230240549
"[90, 90, 90, 90, 90]",0.624328823024055
"[90, 90, 90, 90, 90, 90]",0.6264390034364262
"[90, 90, 90, 90, 90, 90, 90]",0.6320554123711342
"[90, 90, 90, 90, 90, 90, 90, 90]",0.6227878006872853
"[91, 91, 91, 91]",0.6145350085910652
"[91, 91, 91, 91, 91]",0.6305466065292096
"[91, 91, 91, 91, 91, 91]",0.6445554123711341
"[91, 91, 91, 91, 91, 91, 91]",0.6176868556701032
"[91, 91, 91, 91, 91, 91, 91, 91]",0.6290109536082475
"[92, 92, 92, 92]",0.6192976804123711
"[92, 92, 92, 92, 92]",0.6326138316151204
"[92, 92, 92, 92, 92, 92]",0.6352072594501719
"[92, 92, 92, 92, 92, 92, 92]",0.6315829037800688
"[92, 92, 92, 92, 92, 92, 92, 92]",0.6419029209621994
"[93, 93, 93, 93]",0.6155337199312716
"[93, 93, 93, 93, 93]",0.632544029209622
"[93, 93, 93, 93, 93, 93]",0.5980079467353951
"[93, 93, 93, 93, 93, 93, 93]",0.6404102233676977
"[93, 93, 93, 93, 93, 93, 93, 93]",0.6368127147766324
"[94, 94, 94, 94]",0.6021853522336771
"[94, 94, 94, 94, 94]",0.6444211769759451
"[94, 94, 94, 94, 94, 94]",0.6170962199312715
"[94, 94, 94, 94, 94, 94, 94]",0.6434009879725087
"[94, 94, 94, 94, 94, 94, 94, 94]",0.634632731958763
"[95, 95, 95, 95]",0.6223099226804123
"[95, 95, 95, 95, 95]",0.6486307989690722
"[95, 95, 95, 95, 95, 95]",0.636780498281787
"[95, 95, 95, 95, 95, 95, 95]",0.6269276202749142
"[95, 95, 95, 95, 95, 95, 95, 95]",0.5764121563573883
"[96, 96, 96, 96]",0.6242966065292096
"[96, 96, 96, 96, 96]",0.6445231958762887
"[96, 96, 96, 96, 96, 96]",0.6512134879725087
"[96, 96, 96, 96, 96, 96, 96]",0.6423861683848797
"[96, 96, 96, 96, 96, 96, 96, 96]",0.6336823453608249
"[97, 97, 97, 97]",0.5712628865979382
"[97, 97, 97, 97, 97]",0.6387993986254296
"[97, 97, 97, 97, 97, 97]",0.6341387457044674
"[97, 97, 97, 97, 97, 97, 97]",0.6512134879725087
"[97, 97, 97, 97, 97, 97, 97, 97]",0.6269598367697596
"[98, 98, 98, 98]",0.6321466924398627
"[98, 98, 98, 98, 98]",0.6284203178694159
"[98, 98, 98, 98, 98, 98]",0.6496134020618557
"[98, 98, 98, 98, 98, 98, 98]",0.6212360395189004
"[98, 98, 98, 98, 98, 98, 98, 98]",0.6506174828178695
"[99, 99, 99, 99]",0.6031572164948453
"[99, 99, 99, 99, 99]",0.6491731099656358
"[99, 99, 99, 99, 99, 99]",0.5804821735395189
"[99, 99, 99, 99, 99, 99, 99]",0.6320554123711339
"[99, 99, 99, 99, 99, 99, 99, 99]",0.6393739261168385
"[100, 100, 100, 100]",0.6233032646048111
"[100, 100, 100, 100, 100]",0.6304821735395187
"[100, 100, 100, 100, 100, 100]",0.6440345790378008
"[100, 100, 100, 100, 100, 100, 100]",0.6310728092783505
"[100, 100, 100, 100, 100, 100, 100, 100]",0.6367966065292097
"[101, 101, 101, 101]",0.6130100945017183
"[101, 101, 101, 101, 101]",0.6160975085910653
"[101, 101, 101, 101, 101, 101]",0.6605240549828177
"[101, 101, 101, 101, 101, 101, 101]",0.6434170962199313
"[101, 101, 101, 101, 101, 101, 101, 101]",0.6005960051546392
"[102, 102, 102, 102]",0.6409042096219932
"[102, 102, 102, 102, 102]",0.6409042096219932
"[102, 102, 102, 102, 102, 102]",0.6496295103092784
"[102, 102, 102, 102, 102, 102, 102]",0.6269866838487972
"[102, 102, 102, 102, 102, 102, 102, 102]",0.63884235395189
"[103, 103, 103, 103]",0.6125429553264605
"[103, 103, 103, 103, 103]",0.640345790378007
"[103, 103, 103, 103, 103, 103]",0.6445607817869415
"[103, 103, 103, 103, 103, 103, 103]",0.659460910652921
"[103, 103, 103, 103, 103, 103, 103, 103]",0.629993556701031
"[104, 104, 104, 104]",0.6103790807560137
"[104, 104, 104, 104, 104]",0.617762027491409
"[104, 104, 104, 104, 104, 104]",0.6573883161512029
"[104, 104, 104, 104, 104, 104, 104]",0.6217729810996564
"[104, 104, 104, 104, 104, 104, 104, 104]",0.6387671821305843
"[105, 105, 105, 105]",0.6268685567010309
"[105, 105, 105, 105, 105]",0.6460856958762886
"[105, 105, 105, 105, 105, 105]",0.6574044243986255
"[105, 105, 105, 105, 105, 105, 105]",0.6460427405498281
"[105, 105, 105, 105, 105, 105, 105, 105]",0.6078125
"[106, 106, 106, 106]",0.6279961340206185
"[106, 106, 106, 106, 106]",0.6248120704467354
"[106, 106, 106, 106, 106, 106]",0.6558795103092784
"[106, 106, 106, 106, 106, 106, 106]",0.6290861254295532
"[106, 106, 106, 106, 106, 106, 106, 106]",0.6212951030927836
"[107, 107, 107, 107]",0.6382678264604811
"[107, 107, 107, 107, 107]",0.631078178694158
"[107, 107, 107, 107, 107, 107]",0.6440131013745705
"[107, 107, 107, 107, 107, 107, 107]",0.5660438144329897
"[107, 107, 107, 107, 107, 107, 107, 107]",0.6186909364261168
"[108, 108, 108, 108]",0.6234213917525773
"[108, 108, 108, 108, 108]",0.6409149484536083
"[108, 108, 108, 108, 108, 108]",0.6275128865979382
"[108, 108, 108, 108, 108, 108, 108]",0.6107388316151203
"[108, 108, 108, 108, 108, 108, 108, 108]",0.6001073883161513
"[109, 109, 109, 109]",0.6372261597938145
"[109, 109, 109, 109, 109]",0.6568674828178694
"[109, 109, 109, 109, 109, 109]",0.6584944158075602
"[109, 109, 109, 109, 109, 109, 109]",0.5996080326460482
"[109, 109, 109, 109, 109, 109, 109, 109]",0.6238616838487973
"[110, 110, 110, 110]",0.6067708333333334
"[110, 110, 110, 110, 110]",0.6377845790378007
"[110, 110, 110, 110, 110, 110]",0.646606529209622
"[110, 110, 110, 110, 110, 110, 110]",0.6274323453608247
"[110, 110, 110, 110, 110, 110, 110, 110]",0.615576675257732
"[111, 111, 111, 111]",0.6310889175257732
"[111, 111, 111, 111, 111]",0.6207796391752578
"[111, 111, 111, 111, 111, 111]",0.6651685996563574
"[111, 111, 111, 111, 111, 111, 111]",0.6382731958762886
"[111, 111, 111, 111, 111, 111, 111, 111]",0.6342139175257733
"[112, 112, 112, 112]",0.6275182560137458
"[112, 112, 112, 112, 112]",0.6506926546391754
"[112, 112, 112, 112, 112, 112]",0.6584460910652921
"[112, 112, 112, 112, 112, 112, 112]",0.6475193298969073
"[112, 112, 112, 112, 112, 112, 112, 112]",0.6254188144329897
"[113, 113, 113, 113]",0.6237811426116837
"[113, 113, 113, 113, 113]",0.6578930412371135
"[113, 113, 113, 113, 113, 113]",0.6450279209621994
"[113, 113, 113, 113]",0.623926116838488
"[113, 113, 113, 113, 113]",0.6295210481099656
"[113, 113, 113, 113, 113, 113]",0.645044029209622
"[113, 113, 113, 113, 113, 113, 113]",0.624377147766323
"[113, 113, 113, 113, 113, 113, 113, 113]",0.6383698453608248
"[114, 114, 114, 114]",0.6150504725085911
"[114, 114, 114, 114, 114]",0.6290861254295533
"[114, 114, 114, 114, 114, 114]",0.6310513316151203
"[114, 114, 114, 114, 114, 114, 114]",0.6218964776632302
"[114, 114, 114, 114, 114, 114, 114, 114]",0.5893363402061856
"[115, 115, 115, 115]",0.6470575601374571
"[115, 115, 115, 115, 115]",0.6321466924398625
"[115, 115, 115, 115, 115, 115]",0.6533021907216495
"[115, 115, 115, 115, 115, 115, 115]",0.6459568298969073
"[115, 115, 115, 115, 115, 115, 115, 115]",0.6201728951890035
"[116, 116, 116, 116]",0.6099710051546391
"[116, 116, 116, 116, 116]",0.6455648625429554
"[116, 116, 116, 116, 116, 116]",0.6429768041237114
"[116, 116, 116, 116, 116, 116, 116]",0.6336608676975946
"[116, 116, 116, 116, 116, 116, 116, 116]",0.6021101804123712
"[117, 117, 117, 117]",0.6212467783505156
"[117, 117, 117, 117, 117]",0.6280390893470791
"[117, 117, 117, 117, 117, 117]",0.6491570017182131
"[117, 117, 117, 117, 117, 117, 117]",0.6558097079037801
"[117, 117, 117, 117, 117, 117, 117, 117]",0.641919029209622
"[118, 118, 118, 118]",0.6352072594501718
"[118, 118, 118, 118, 118]",0.6275665807560137
"[118, 118, 118, 118, 118, 118]",0.6573722079037801
"[118, 118, 118, 118, 118, 118, 118]",0.6419243986254297
"[118, 118, 118, 118, 118, 118, 118, 118]",0.609471649484536
"[119, 119, 119, 119]",0.6465850515463918
"[119, 119, 119, 119, 119]",0.6346595790378008
"[119, 119, 119, 119, 119, 119]",0.6569211769759451
"[119, 119, 119, 119, 119, 119, 119]",0.6052888745704468
"[119, 119, 119, 119, 119, 119, 119, 119]",0.6187231529209621
"[120, 120, 120, 120]",0.6176492697594502
"[120, 120, 120, 120, 120]",0.6548754295532647
"[120, 120, 120, 120, 120, 120]",0.6259557560137456
"[120, 120, 120, 120, 120, 120, 120]",0.6594931271477663
"[120, 120, 120, 120, 120, 120, 120, 120]",0.6331829896907216
"[121, 121, 121, 121]",0.6377631013745705
"[121, 121, 121, 121, 121]",0.6480455326460481
"[121, 121, 121, 121, 121, 121]",0.6419405068728523
"[121, 121, 121, 121, 121, 121, 121]",0.6232710481099658
"[121, 121, 121, 121, 121, 121, 121, 121]",0.6223367697594504
"[122, 122, 122, 122]",0.6099065721649484
"[122, 122, 122, 122, 122]",0.6387779209621993
"[122, 122, 122, 122, 122, 122]",0.6610019329896908
"[122, 122, 122, 122, 122, 122, 122]",0.6053210910652921
"[122, 122, 122, 122, 122, 122, 122, 122]",0.6228200171821305
"[123, 123, 123, 123]",0.6383644759450173
"[123, 123, 123, 123, 123]",0.6429821735395189
"[123, 123, 123, 123, 123, 123]",0.6351857817869415
"[123, 123, 123, 123, 123, 123, 123]",0.6136007302405496
"[123, 123, 123, 123, 123, 123, 123, 123]",0.6253812285223368
"[124, 124, 124, 124]",0.6279907646048111
"[124, 124, 124, 124, 124]",0.6553318298969073
"[124, 124, 124, 124, 124, 124]",0.6533129295532647
"[124, 124, 124, 124, 124, 124, 124]",0.6475783934707905
"[124, 124, 124, 124, 124, 124, 124, 124]",0.6047304553264606
"[125, 125, 125, 125]",0.5671445446735396
"[125, 125, 125, 125, 125]",0.6383966924398627
"[125, 125, 125, 125, 125, 125]",0.6450064432989692
"[125, 125, 125, 125, 125, 125, 125]",0.6609697164948454
"[125, 125, 125, 125, 125, 125, 125, 125]",0.6331615120274915
"[126, 126, 126, 126]",0.6378490120274913
"[126, 126, 126, 126, 126]",0.6352555841924399
"[126, 126, 126, 126, 126, 126]",0.6259450171821307
"[126, 126, 126, 126, 126, 126, 126]",0.6331561426116838
"[126, 126, 126, 126, 126, 126, 126, 126]",0.6089024914089347
"[127, 127, 127, 127]",0.6270135309278351
"[127, 127, 127, 127, 127]",0.6542955326460482
"[127, 127, 127, 127, 127, 127]",0.6249355670103094
"[127, 127, 127, 127, 127, 127, 127]",0.6058902491408934
"[127, 127, 127, 127, 127, 127, 127, 127]",0.6135470360824742
"[128, 128, 128, 128]",0.6310352233676977
"[128, 128, 128, 128, 128]",0.6538391323024054
"[128, 128, 128, 128, 128, 128]",0.6207742697594503
"[128, 128, 128, 128, 128, 128, 128]",0.6352609536082475
"[128, 128, 128, 128, 128, 128, 128, 128]",0.6238026202749141
"[129, 129, 129, 129]",0.6331722508591064
"[129, 129, 129, 129, 129]",0.6170801116838487
"[129, 129, 129, 129, 129, 129]",0.5887725515463919
"[129, 129, 129, 129, 129, 129, 129]",0.630090206185567
"[129, 129, 129, 129, 129, 129, 129, 129]",0.6211877147766323
"[130, 130, 130, 130]",0.617617053264605
"[130, 130, 130, 130, 130]",0.6362381872852234
"[130, 130, 130, 130, 130, 130]",0.6309976374570445
"[130, 130, 130, 130, 130, 130, 130]",0.6377416237113402
"[130, 130, 130, 130, 130, 130, 130, 130]",0.6254725085910653
"[131, 131, 131, 131]",0.6311265034364261
"[131, 131, 131, 131, 131]",0.6305734536082475
"[131, 131, 131, 131, 131, 131]",0.6154746563573884
"[131, 131, 131, 131, 131, 131, 131]",0.6413498711340206
"[131, 131, 131, 131, 131, 131, 131, 131]",0.6145672250859107
"[132, 132, 132, 132]",0.6270081615120274
"[132, 132, 132, 132, 132]",0.6392772766323024
"[132, 132, 132, 132, 132, 132]",0.6491570017182131
"[132, 132, 132, 132, 132, 132, 132]",0.625977233676976
"[132, 132, 132, 132, 132, 132, 132, 132]",0.6202373281786941
"[133, 133, 133, 133]",0.6393202319587629
"[133, 133, 133, 133, 133]",0.6584729381443297
"[133, 133, 133, 133, 133, 133]",0.6352018900343642
"[133, 133, 133, 133, 133, 133, 133]",0.6223099226804123
"[133, 133, 133, 133, 133, 133, 133, 133]",0.6336608676975946
"[134, 134, 134, 134]",0.6352985395189003
"[134, 134, 134, 134, 134]",0.6507033934707904
"[134, 134, 134, 134, 134, 134]",0.6388530927835052
"[134, 134, 134, 134, 134, 134, 134]",0.6130906357388317
"[134, 134, 134, 134, 134, 134, 134, 134]",0.6120543384879724
"[135, 135, 135, 135]",0.6692493556701031
"[135, 135, 135, 135, 135]",0.6392987542955326
"[135, 135, 135, 135, 135, 135]",0.6315936426116838
"[135, 135, 135, 135, 135, 135, 135]",0.6383215206185568
"[135, 135, 135, 135, 135, 135, 135, 135]",0.6140356529209623
"[136, 136, 136, 136]",0.6299667096219932
"[136, 136, 136, 136, 136]",0.6399216065292096
"[136, 136, 136, 136, 136, 136]",0.6569158075601375
"[136, 136, 136, 136, 136, 136, 136]",0.6269705756013746
"[136, 136, 136, 136, 136, 136, 136, 136]",0.5882141323024055
"[137, 137, 137, 137]",0.6408773625429554
"[137, 137, 137, 137, 137]",0.6119362113402063
"[137, 137, 137, 137, 137, 137]",0.6356260738831616
"[137, 137, 137, 137, 137, 137, 137]",0.6357388316151205
"[137, 137, 137, 137, 137, 137, 137, 137]",0.6362811426116838
"[138, 138, 138, 138]",0.6305895618556703
"[138, 138, 138, 138, 138]",0.6232871563573884
"[138, 138, 138, 138, 138, 138]",0.6357119845360825
"[138, 138, 138, 138, 138, 138, 138]",0.6243771477663229
"[138, 138, 138, 138, 138, 138, 138, 138]",0.6089347079037801
"[139, 139, 139, 139]",0.6254832474226804
"[139, 139, 139, 139, 139]",0.6445285652920962
"[139, 139, 139, 139, 139, 139]",0.6464991408934708
"[139, 139, 139, 139, 139, 139, 139]",0.632544029209622
"[139, 139, 139, 139, 139, 139, 139, 139]",0.6315936426116839
"[140, 140, 140, 140]",0.6207689003436425
"[140, 140, 140, 140, 140]",0.6672036082474226
"[140, 140, 140, 140, 140, 140]",0.6630691580756014
"[140, 140, 140, 140, 140, 140, 140]",0.6357227233676978
"[140, 140, 140, 140, 140, 140, 140, 140]",0.6362489261168385
"[141, 141, 141, 141]",0.6280605670103093
"[141, 141, 141, 141, 141]",0.6310996563573884
"[141, 141, 141, 141, 141, 141]",0.6568621134020619
"[141, 141, 141, 141, 141, 141, 141]",0.5979112972508591
"[141, 141, 141, 141, 141, 141, 141, 141]",0.646558204467354
"[142, 142, 142, 142]",0.604209621993127
"[142, 142, 142, 142, 142]",0.6522336769759451
"[142, 142, 142, 142, 142, 142]",0.6486254295532647
"[142, 142, 142, 142, 142, 142, 142]",0.6207474226804124
"[142, 142, 142, 142, 142, 142, 142, 142]",0.6001073883161512
"[143, 143, 143, 143]",0.6393256013745704
"[143, 143, 143, 143, 143]",0.6594179553264604
"[143, 143, 143, 143, 143, 143]",0.6264014175257732
"[143, 143, 143, 143, 143, 143, 143]",0.6223797250859107
"[143, 143, 143, 143, 143, 143, 143, 143]",0.6305412371134022
"[144, 144, 144, 144]",0.6259128006872853
"[144, 144, 144, 144, 144]",0.620790378006873
"[144, 144, 144, 144, 144, 144]",0.6455541237113402
"[144, 144, 144, 144, 144, 144, 144]",0.6393256013745703
"[144, 144, 144, 144, 144, 144, 144, 144]",0.6527652491408935
"[145, 145, 145, 145]",0.647084407216495
"[145, 145, 145, 145, 145]",0.6284632731958762
"[145, 145, 145, 145, 145, 145]",0.6305251288659794
"[145, 145, 145, 145, 145, 145, 145]",0.6414304123711341
"[145, 145, 145, 145, 145, 145, 145, 145]",0.6269276202749142
"[146, 146, 146, 146]",0.6552512886597939
"[146, 146, 146, 146, 146]",0.6393578178694157
"[146, 146, 146, 146, 146, 146]",0.6512188573883162
"[146, 146, 146, 146, 146, 146, 146]",0.6135953608247423
"[146, 146, 146, 146, 146, 146, 146, 146]",0.6217622422680413
"[147, 147, 147, 147]",0.6274001288659794
"[147, 147, 147, 147, 147]",0.6491999570446735
"[147, 147, 147, 147, 147, 147]",0.6021316580756014
"[147, 147, 147, 147, 147, 147, 147]",0.6259020618556701
"[147, 147, 147, 147, 147, 147, 147, 147]",0.6181808419243986
"[148, 148, 148, 148]",0.6268739261168385
"[148, 148, 148, 148, 148]",0.6295210481099658
"[148, 148, 148, 148, 148, 148]",0.6413767182130585
"[148, 148, 148, 148, 148, 148, 148]",0.6290700171821306
"[148, 148, 148, 148, 148, 148, 148, 148]",0.6268739261168385
"[149, 149, 149, 149]",0.6315829037800688
"[149, 149, 149, 149, 149]",0.6285814003436426
"[149, 149, 149, 149, 149, 149]",0.6408021907216496
"[149, 149, 149, 149, 149, 149, 149]",0.6367966065292097
"[149, 149, 149, 149, 149, 149, 149, 149]",0.6032323883161512
"[150, 150, 150, 150]",0.6295693728522337
"[150, 150, 150, 150, 150]",0.6485609965635739
"[150, 150, 150, 150, 150, 150]",0.6300257731958764
"[150, 150, 150, 150, 150, 150, 150]",0.6455219072164949
"[150, 150, 150, 150, 150, 150, 150, 150]",0.6372905927835052
"[151, 151, 151, 151]",0.6274377147766323
"[151, 151, 151, 151, 151]",0.641870704467354
"[151, 151, 151, 151, 151, 151]",0.6682613831615121
"[151, 151, 151, 151, 151, 151, 151]",0.65178264604811
"[151, 151, 151, 151, 151, 151, 151, 151]",0.6362811426116839
"[152, 152, 152, 152]",0.6428533075601375
"[152, 152, 152, 152, 152]",0.6495543384879726
"[152, 152, 152, 152, 152, 152]",0.6413391323024055
"[152, 152, 152, 152, 152, 152, 152]",0.6362006013745705
"[152, 152, 152, 152, 152, 152, 152, 152]",0.6170801116838487
"[153, 153, 153, 153]",0.6325601374570445
"[153, 153, 153, 153, 153]",0.6506604381443298
"[153, 153, 153, 153, 153, 153]",0.6450547680412372
"[153, 153, 153, 153, 153, 153, 153]",0.6357280927835053
"[153, 153, 153, 153, 153, 153, 153, 153]",0.6166183419243987
"[154, 154, 154, 154]",0.6341709621993127
"[154, 154, 154, 154, 154]",0.6599978522336769
"[154, 154, 154, 154, 154, 154]",0.6346488402061856
"[154, 154, 154, 154, 154, 154, 154]",0.6476911512027492
"[154, 154, 154, 154, 154, 154, 154, 154]",0.6300365120274916
"[155, 155, 155, 155]",0.6264390034364262
"[155, 155, 155, 155, 155]",0.6615173969072166
"[155, 155, 155, 155, 155, 155]",0.6129564003436426
"[155, 155, 155, 155, 155, 155, 155]",0.6357710481099657
"[155, 155, 155, 155, 155, 155, 155, 155]",0.6486469072164949
"[156, 156, 156, 156]",0.6352609536082474
"[156, 156, 156, 156, 156]",0.6367482817869415
"[156, 156, 156, 156, 156, 156]",0.6526471219931272
"[156, 156, 156, 156, 156, 156, 156]",0.6243556701030928
"[156, 156, 156, 156, 156, 156, 156, 156]",0.6305895618556703
"[157, 157, 157, 157]",0.6248120704467354
"[157, 157, 157, 157, 157]",0.6387886597938144
"[157, 157, 157, 157, 157, 157]",0.6677459192439864
"[157, 157, 157, 157, 157, 157, 157]",0.6346434707903781
"[157, 157, 157, 157, 157, 157, 157, 157]",0.620715206185567
"[158, 158, 158, 158]",0.640394115120275
"[158, 158, 158, 158, 158]",0.6382678264604812
"[158, 158, 158, 158, 158, 158]",0.6543438573883162
"[158, 158, 158, 158, 158, 158, 158]",0.6356582903780069
"[158, 158, 158, 158, 158, 158, 158, 158]",0.6079091494845361
"[159, 159, 159, 159]",0.6466118986254297
"[159, 159, 159, 159, 159]",0.6439540378006873
"[159, 159, 159, 159, 159, 159]",0.6408988402061856
"[159, 159, 159, 159, 159, 159, 159]",0.6383752147766322
"[159, 159, 159, 159, 159, 159, 159, 159]",0.6263692010309279
"[160, 160, 160, 160]",0.6445393041237113
"[160, 160, 160, 160, 160]",0.6450708762886598
"[160, 160, 160, 160, 160, 160]",0.6351965206185567
"[160, 160, 160, 160, 160, 160, 160]",0.6656679553264605
"[160, 160, 160, 160, 160, 160, 160, 160]",0.6032538659793815
"[161, 161, 161, 161]",0.6289357817869415
"[161, 161, 161, 161, 161]",0.6563681271477663
"[161, 161, 161, 161, 161, 161]",0.6367429123711341
"[161, 161, 161, 161, 161, 161, 161]",0.6537210051546392
"[161, 161, 161, 161, 161, 161, 161, 161]",0.611023410652921
"[162, 162, 162, 162]",0.6342300257731959
"[162, 162, 162, 162, 162]",0.6692869415807561
"[162, 162, 162, 162, 162, 162]",0.663611469072165
"[162, 162, 162, 162, 162, 162, 162]",0.6213058419243986
"[162, 162, 162, 162, 162, 162, 162, 162]",0.6001288659793814
"[163, 163, 163, 163]",0.6294834621993126
"[163, 163, 163, 163, 163]",0.6573883161512029
"[163, 163, 163, 163, 163, 163]",0.6284686426116839
"[163, 163, 163, 163, 163, 163, 163]",0.6397927405498283
"[163, 163, 163, 163, 163, 163, 163, 163]",0.6161297250859106
"[164, 164, 164, 164]",0.6243556701030928
"[164, 164, 164, 164, 164]",0.650719501718213
"[164, 164, 164, 164, 164, 164]",0.6003919673539518
"[164, 164, 164, 164, 164, 164, 164]",0.6321359536082476
"[164, 164, 164, 164, 164, 164, 164, 164]",0.6197218642611684
"[165, 165, 165, 165]",0.6300794673539518
"[165, 165, 165, 165, 165]",0.6399269759450174
"[165, 165, 165, 165, 165, 165]",0.6579306271477663
"[165, 165, 165, 165, 165, 165, 165]",0.6263960481099657
"[165, 165, 165, 165, 165, 165, 165, 165]",0.6160599226804124
"[166, 166, 166, 166]",0.6275075171821306
"[166, 166, 166, 166, 166]",0.6347132731958764
"[166, 166, 166, 166, 166, 166]",0.6243610395189003
"[166, 166, 166, 166, 166, 166, 166]",0.640394115120275
"[166, 166, 166, 166, 166, 166, 166, 166]",0.6093588917525773
"[167, 167, 167, 167]",0.6445446735395189
"[167, 167, 167, 167, 167]",0.6542525773195876
"[167, 167, 167, 167, 167, 167]",0.6470307130584193
"[167, 167, 167, 167, 167, 167, 167]",0.6357495704467354
"[167, 167, 167, 167, 167, 167, 167, 167]",0.5867643900343642
"[168, 168, 168, 168]",0.6238616838487973
"[168, 168, 168, 168, 168]",0.6594877577319588
"[168, 168, 168, 168, 168, 168]",0.6501932989690722
"[168, 168, 168, 168, 168, 168, 168]",0.6191795532646048
"[168, 168, 168, 168, 168, 168, 168, 168]",0.6243771477663229
"[169, 169, 169, 169]",0.6315184707903782
"[169, 169, 169, 169, 169]",0.6497422680412372
"[169, 169, 169, 169, 169, 169]",0.6491838487972508
"[169, 169, 169, 169, 169, 169, 169]",0.6306217783505156
"[169, 169, 169, 169, 169, 169, 169, 169]",0.617149914089347
"[170, 170, 170, 170]",0.6331078178694158
"[170, 170, 170, 170, 170]",0.6656303694158076
"[170, 170, 170, 170, 170, 170]",0.6319802405498283
"[170, 170, 170, 170, 170, 170, 170]",0.647583762886598
"[170, 170, 170, 170, 170, 170, 170, 170]",0.6279746563573884
"[171, 171, 171, 171]",0.6114100085910653
"[171, 171, 171, 171, 171]",0.6445393041237114
"[171, 171, 171, 171, 171, 171]",0.6450118127147766
"[171, 171, 171, 171, 171, 171, 171]",0.6378006872852235
"[171, 171, 171, 171, 171, 171, 171, 171]",0.6296123281786942
"[172, 172, 172, 172]",0.6466011597938145
"[172, 172, 172, 172, 172]",0.6667310996563575
"[172, 172, 172, 172, 172, 172]",0.6568513745704467
"[172, 172, 172, 172, 172, 172, 172]",0.6310674398625431
"[172, 172, 172, 172, 172, 172, 172, 172]",0.6181969501718214
"[173, 173, 173, 173]",0.6223045532646048
"[173, 173, 173, 173, 173]",0.6578500859106529
"[173, 173, 173, 173, 173, 173]",0.6450386597938145
"[173, 173, 173, 173, 173, 173, 173]",0.617139175257732
"[173, 173, 173, 173, 173, 173, 173, 173]",0.6125214776632303
"[174, 174, 174, 174]",0.6378597508591065
"[174, 174, 174, 174, 174]",0.6554016323024056
"[174, 174, 174, 174, 174, 174]",0.5903887457044674
"[174, 174, 174, 174, 174, 174, 174]",0.6253812285223368
"[174, 174, 174, 174, 174, 174, 174, 174]",0.6135201890034365
"[175, 175, 175, 175]",0.6233301116838489
"[175, 175, 175, 175, 175]",0.6295425257731959
"[175, 175, 175, 175, 175, 175]",0.6321681701030928
"[175, 175, 175, 175, 175, 175, 175]",0.6331454037800688
"[175, 175, 175, 175, 175, 175, 175, 175]",0.6222884450171822
"[176, 176, 176, 176]",0.6243019759450172
"[176, 176, 176, 176, 176]",0.6388692010309279
"[176, 176, 176, 176, 176, 176]",0.6496187714776632
"[176, 176, 176, 176, 176, 176, 176]",0.6439647766323023
"[176, 176, 176, 176, 176, 176, 176, 176]",0.605224441580756
"[177, 177, 177, 177]",0.6403887457044674
"[177, 177, 177, 177, 177]",0.6445231958762887
"[177, 177, 177, 177, 177, 177]",0.6480723797250859
"[177, 177, 177, 177, 177, 177, 177]",0.6114798109965636
"[177, 177, 177, 177, 177, 177, 177, 177]",0.6171606529209621
"[178, 178, 178, 178]",0.618164733676976
"[178, 178, 178, 178, 178]",0.62277706185567
"[178, 178, 178, 178, 178, 178]",0.6362811426116838
"[178, 178, 178, 178, 178, 178, 178]",0.6275075171821306
"[178, 178, 178, 178, 178, 178, 178, 178]",0.5954789518900344
"[179, 179, 179, 179]",0.657409793814433
"[179, 179, 179, 179, 179]",0.6423646907216496
"[179, 179, 179, 179, 179, 179]",0.6336232817869416
"[179, 179, 179, 179, 179, 179, 179]",0.6512081185567011
"[179, 179, 179, 179, 179, 179, 179, 179]",0.6254134450171822
"[180, 180, 180, 180]",0.6012188573883162
"[180, 180, 180, 180, 180]",0.6517611683848797
"[180, 180, 180, 180, 180, 180]",0.6610019329896908
"[180, 180, 180, 180, 180, 180, 180]",0.6181915807560138
"[180, 180, 180, 180, 180, 180, 180, 180]",0.6068084192439863
"[181, 181, 181, 181]",0.6342622422680412
"[181, 181, 181, 181, 181]",0.6600408075601375
"[181, 181, 181, 181, 181, 181]",0.6264121563573883
"[181, 181, 181, 181, 181, 181, 181]",0.6192225085910653
"[181, 181, 181, 181, 181, 181, 181, 181]",0.6326890034364261
"[182, 182, 182, 182]",0.6295371563573883
"[182, 182, 182, 182, 182]",0.6166076030927836
"[182, 182, 182, 182, 182, 182]",0.6393578178694157
"[182, 182, 182, 182, 182, 182, 182]",0.6140517611683849
"[182, 182, 182, 182, 182, 182, 182, 182]",0.5918223797250859
"[183, 183, 183, 183]",0.6207259450171821
"[183, 183, 183, 183, 183]",0.6227716924398626
"[183, 183, 183, 183, 183, 183]",0.6496187714776632
"[183, 183, 183, 183, 183, 183, 183]",0.6393578178694159
"[183, 183, 183, 183, 183, 183, 183, 183]",0.5794566151202749
"[184, 184, 184, 184]",0.6465367268041238
"[184, 184, 184, 184, 184]",0.6299667096219932
"[184, 184, 184, 184, 184, 184]",0.6310352233676977
"[184, 184, 184, 184, 184, 184, 184]",0.6320768900343643
"[184, 184, 184, 184, 184, 184, 184, 184]",0.5924183848797251
"[185, 185, 185, 185]",0.6300096649484537
"[185, 185, 185, 185, 185]",0.6192171391752577
"[185, 185, 185, 185, 185, 185]",0.6362167096219932
"[185, 185, 185, 185, 185, 185, 185]",0.6104327749140894
"[185, 185, 185, 185, 185, 185, 185, 185]",0.5903618986254296
"[186, 186, 186, 186]",0.6119576890034365
"[186, 186, 186, 186, 186]",0.6207366838487973
"[186, 186, 186, 186, 186, 186]",0.6444641323024054
"[186, 186, 186, 186, 186, 186, 186]",0.6449742268041238
"[186, 186, 186, 186, 186, 186, 186, 186]",0.6011544243986253
"[187, 187, 187, 187]",0.6342461340206185
"[187, 187, 187, 187, 187]",0.646595790378007
"[187, 187, 187, 187, 187, 187]",0.6516215635738832
"[187, 187, 187, 187, 187, 187, 187]",0.6393631872852235
"[187, 187, 187, 187, 187, 187, 187, 187]",0.6114798109965636
"[188, 188, 188, 188]",0.6496778350515464
"[188, 188, 188, 188, 188]",0.654859321305842
"[188, 188, 188, 188, 188, 188]",0.6233569587628867
"[188, 188, 188, 188, 188, 188, 188]",0.594029209621993
"[188, 188, 188, 188, 188, 188, 188, 188]",0.6378060567010311
"[189, 189, 189, 189]",0.6181862113402061
"[189, 189, 189, 189, 189]",0.6474924828178694
"[189, 189, 189, 189, 189, 189]",0.647583762886598
"[189, 189, 189, 189, 189, 189, 189]",0.6295908505154639
"[189, 189, 189, 189, 189, 189, 189, 189]",0.595983676975945
"[190, 190, 190, 190]",0.630079467353952
"[190, 190, 190, 190, 190]",0.6636060996563574
"[190, 190, 190, 190, 190, 190]",0.6393309707903782
"[190, 190, 190, 190, 190, 190, 190]",0.6275182560137458
"[190, 190, 190, 190, 190, 190, 190, 190]",0.6119308419243987
"[191, 191, 191, 191]",0.6445446735395189
"[191, 191, 191, 191, 191]",0.6269705756013746
"[191, 191, 191, 191, 191, 191]",0.6429123711340207
"[191, 191, 191, 191, 191, 191, 191]",0.6429499570446736
"[191, 191, 191, 191, 191, 191, 191, 191]",0.6197111254295533
"[192, 192, 192, 192]",0.6557935996563574
"[192, 192, 192, 192, 192]",0.6599602663230241
"[192, 192, 192, 192, 192, 192]",0.6490388745704467
"[192, 192, 192, 192, 192, 192, 192]",0.6305788230240551
"[192, 192, 192, 192, 192, 192, 192, 192]",0.6181378865979381
"[193, 193, 193, 193]",0.6279263316151203
"[193, 193, 193, 193, 193]",0.6336232817869416
"[193, 193, 193, 193, 193, 193]",0.6553586769759451
"[193, 193, 193, 193, 193, 193, 193]",0.6218481529209623
"[193, 193, 193, 193, 193, 193, 193, 193]",0.6145779639175257
"[194, 194, 194, 194]",0.6414518900343642
"[194, 194, 194, 194, 194]",0.6553533075601374
"[194, 194, 194, 194, 194, 194]",0.6387671821305843
"[194, 194, 194, 194, 194, 194, 194]",0.6083762886597939
"[194, 194, 194, 194, 194, 194, 194, 194]",0.6259718642611685
"[195, 195, 195, 195]",0.6218266752577319
"[195, 195, 195, 195, 195]",0.630090206185567
"[195, 195, 195, 195, 195, 195]",0.6429821735395189
"[195, 195, 195, 195, 195, 195, 195]",0.6300848367697596
"[195, 195, 195, 195, 195, 195, 195, 195]",0.6326138316151203
"[196, 196, 196, 196]",0.6340904209621993
"[196, 196, 196, 196, 196]",0.645521907216495
"[196, 196, 196, 196, 196, 196]",0.6346542096219931
"[196, 196, 196, 196, 196, 196, 196]",0.6222508591065292
"[196, 196, 196, 196, 196, 196, 196, 196]",0.6139873281786941
"[197, 197, 197, 197]",0.6160599226804123
"[197, 197, 197, 197, 197]",0.6014658505154641
"[197, 197, 197, 197, 197, 197]",0.6367590206185568
"[197, 197, 197, 197, 197, 197, 197]",0.6140571305841924
"[197, 197, 197, 197, 197, 197, 197, 197]",0.600585266323024
"[198, 198, 198, 198]",0.6419405068728523
"[198, 198, 198, 198, 198]",0.6517665378006873
"[198, 198, 198, 198, 198, 198]",0.5929231099656358
"[198, 198, 198, 198, 198, 198, 198]",0.6362006013745705
"[198, 198, 198, 198, 198, 198, 198, 198]",0.6104435137457043
"[199, 199, 199, 199]",0.6217622422680412
"[199, 199, 199, 199, 199]",0.65022014604811
"[199, 199, 199, 199, 199, 199]",0.6542794243986255
"[199, 199, 199, 199, 199, 199, 199]",0.608838058419244
"[199, 199, 199, 199, 199, 199, 199, 199]",0.6444802405498281
"[200, 200, 200, 200]",0.6335749570446735
"[200, 200, 200, 200, 200]",0.6522605240549828
"[200, 200, 200, 200, 200, 200]",0.6429231099656358
"[200, 200, 200, 200, 200, 200, 200]",0.5969770189003435
"[200, 200, 200, 200, 200, 200, 200, 200]",0.5934063573883163
"[201, 201, 201, 201]",0.6640410223367698
"[201, 201, 201, 201, 201]",0.6398249570446735
"[201, 201, 201, 201, 201, 201]",0.6289626288659794
"[201, 201, 201, 201, 201, 201, 201]",0.6124677835051547
"[201, 201, 201, 201, 201, 201, 201, 201]",0.6109536082474227
"[202, 202, 202, 202]",0.6212038230240551
"[202, 202, 202, 202, 202]",0.603747852233677
"[202, 202, 202, 202, 202, 202]",0.6501664518900344
"[202, 202, 202, 202, 202, 202, 202]",0.6058258161512028
"[202, 202, 202, 202, 202, 202, 202, 202]",0.6176600085910653
"[203, 203, 203, 203]",0.6217192869415806
"[203, 203, 203, 203, 203]",0.6279155927835052
"[203, 203, 203, 203, 203, 203]",0.6332098367697596
"[203, 203, 203, 203, 203, 203, 203]",0.6170962199312715
"[203, 203, 203, 203, 203, 203, 203, 203]",0.6265249140893471
"[204, 204, 204, 204]",0.641870704467354
"[204, 204, 204, 204, 204]",0.6176492697594502
"[204, 204, 204, 204, 204, 204]",0.6351857817869416
"[204, 204, 204, 204, 204, 204, 204]",0.6331078178694158
"[204, 204, 204, 204, 204, 204, 204, 204]",0.6078661941580755
"[205, 205, 205, 205]",0.621203823024055
"[205, 205, 205, 205, 205]",0.6171445446735395
"[205, 205, 205, 205, 205, 205]",0.6331292955326461
"[205, 205, 205, 205, 205, 205, 205]",0.6228898195876289
"[205, 205, 205, 205, 205, 205, 205, 205]",0.6166290807560137
"[206, 206, 206, 206]",0.635180412371134
"[206, 206, 206, 206, 206]",0.6543223797250859
"[206, 206, 206, 206, 206, 206]",0.644507087628866
"[206, 206, 206, 206, 206, 206, 206]",0.6351535652920963
"[206, 206, 206, 206, 206, 206, 206, 206]",0.6078017611683848
"[207, 207, 207, 207]",0.6243180841924398
"[207, 207, 207, 207, 207]",0.6274967783505154
"[207, 207, 207, 207, 207, 207]",0.6450279209621992
"[207, 207, 207, 207, 207, 207, 207]",0.6237811426116838
"[207, 207, 207, 207, 207, 207, 207, 207]",0.6207474226804125
"[208, 208, 208, 208]",0.6305143900343643
"[208, 208, 208, 208, 208]",0.645570231958763
"[208, 208, 208, 208, 208, 208]",0.6372368986254295
"[208, 208, 208, 208, 208, 208, 208]",0.6170854810996566
"[208, 208, 208, 208, 208, 208, 208, 208]",0.6036834192439863
"[209, 209, 209, 209]",0.6129564003436426
"[209, 209, 209, 209, 209]",0.6233784364261168
"[209, 209, 209, 209, 209, 209]",0.6413713487972509
"[209, 209, 209, 209, 209, 209, 209]",0.6259611254295534
"[209, 209, 209, 209, 209, 209, 209, 209]",0.6227931701030929
"[210, 210, 210, 210]",0.6140625
"[210, 210, 210, 210, 210]",0.6609911941580756
"[210, 210, 210, 210, 210, 210]",0.6212360395189005
"[210, 210, 210, 210, 210, 210, 210]",0.6140732388316151
"[210, 210, 210, 210, 210, 210, 210, 210]",0.604236469072165
"[211, 211, 211, 211]",0.6445607817869415
"[211, 211, 211, 211, 211]",0.6351267182130584
"[211, 211, 211, 211, 211, 211]",0.6413552405498282
"[211, 211, 211, 211, 211, 211, 211]",0.6171821305841925
"[211, 211, 211, 211, 211, 211, 211, 211]",0.6279692869415808
"[212, 212, 212, 212]",0.6620060137457044
"[212, 212, 212, 212, 212]",0.6444641323024055
"[212, 212, 212, 212, 212, 212]",0.6393148625429554
"[212, 212, 212, 212, 212, 212, 212]",0.6430143900343642
"[212, 212, 212, 212, 212, 212, 212, 212]",0.6104059278350515
"[213, 213, 213, 213]",0.6285921391752577
"[213, 213, 213, 213, 213]",0.6165914948453608
"[213, 213, 213, 213, 213, 213]",0.6455594931271478
"[213, 213, 213, 213, 213, 213, 213]",0.623265678694158
"[213, 213, 213, 213, 213, 213, 213, 213]",0.6021799828178693
"[214, 214, 214, 214]",0.6331776202749141
"[214, 214, 214, 214, 214]",0.6445715206185568
"[214, 214, 214, 214, 214, 214]",0.627539733676976
"[214, 214, 214, 214, 214, 214, 214]",0.6342515034364261
"[214, 214, 214, 214, 214, 214, 214, 214]",0.6094125859106527
"[215, 215, 215, 215]",0.6290002147766323
"[215, 215, 215, 215, 215]",0.6450977233676976
"[215, 215, 215, 215, 215, 215]",0.6254510309278352
"[215, 215, 215, 215, 215, 215, 215]",0.6145672250859107
"[215, 215, 215, 215, 215, 215, 215, 215]",0.5974924828178695
"[216, 216, 216, 216]",0.6543384879725085
"[216, 216, 216, 216, 216]",0.6197487113402061
"[216, 216, 216, 216, 216, 216]",0.6362811426116839
"[216, 216, 216, 216, 216, 216, 216]",0.6099280498281787
"[216, 216, 216, 216, 216, 216, 216, 216]",0.6010899914089347
"[217, 217, 217, 217]",0.6315882731958764
"[217, 217, 217, 217, 217]",0.6610341494845361
"[217, 217, 217, 217, 217, 217]",0.6444372852233677
"[217, 217, 217, 217, 217, 217, 217]",0.6217461340206187
"[217, 217, 217, 217, 217, 217, 217, 217]",0.5965420962199313
"[218, 218, 218, 218]",0.6382141323024055
"[218, 218, 218, 218, 218]",0.6207742697594503
"[218, 218, 218, 218, 218, 218]",0.6352179982817869
"[218, 218, 218, 218, 218, 218, 218]",0.6052351804123711
"[218, 218, 218, 218, 218, 218, 218, 218]",0.6274806701030928
"[219, 219, 219, 219]",0.6392772766323025
"[219, 219, 219, 219, 219]",0.6269276202749142
"[219, 219, 219, 219, 219, 219]",0.6104596219931271
"[219, 219, 219, 219, 219, 219, 219]",0.6388262457044673
"[219, 219, 219, 219, 219, 219, 219, 219]",0.5655337199312714
"[220, 220, 220, 220]",0.6455863402061855
"[220, 220, 220, 220, 220]",0.6202802835051547
"[220, 220, 220, 220, 220, 220]",0.6171713917525773
"[220, 220, 220, 220, 220, 220, 220]",0.6342300257731959
"[220, 220, 220, 220, 220, 220, 220, 220]",0.6130584192439863
"[221, 221, 221, 221]",0.6290109536082474
"[221, 221, 221, 221, 221]",0.6419566151202749
"[221, 221, 221, 221, 221, 221]",0.6373067010309278
"[221, 221, 221, 221, 221, 221, 221]",0.6274699312714777
"[221, 221, 221, 221, 221, 221, 221, 221]",0.6135899914089347
"[222, 222, 222, 222]",0.6361522766323024
"[222, 222, 222, 222, 222]",0.6290807560137457
"[222, 222, 222, 222, 222, 222]",0.6398625429553265
"[222, 222, 222, 222, 222, 222, 222]",0.6181593642611684
"[222, 222, 222, 222, 222, 222, 222, 222]",0.6125483247422681
"[223, 223, 223, 223]",0.6455057989690722
"[223, 223, 223, 223, 223]",0.610448883161512
"[223, 223, 223, 223, 223, 223]",0.6341709621993127
"[223, 223, 223, 223, 223, 223, 223]",0.6238616838487973
"[223, 223, 223, 223, 223, 223, 223, 223]",0.6130798969072165
"[224, 224, 224, 224]",0.6346917955326461
"[224, 224, 224, 224, 224]",0.6341280068728523
"[224, 224, 224, 224, 224, 224]",0.6295210481099658
"[224, 224, 224, 224, 224, 224, 224]",0.6094662800687286
"[224, 224, 224, 224, 224, 224, 224, 224]",0.6134718642611683
"[225, 225, 225, 225]",0.6041935137457044
"[225, 225, 225, 225, 225]",0.6357710481099657
"[225, 225, 225, 225, 225, 225]",0.6414089347079038
"[225, 225, 225, 225, 225, 225, 225]",0.6196842783505155
"[225, 225, 225, 225, 225, 225, 225, 225]",0.6109750859106529
"[226, 226, 226, 226]",0.6166935137457045
"[226, 226, 226, 226, 226]",0.6610341494845361
"[226, 226, 226, 226, 226, 226]",0.630616408934708
"[226, 226, 226, 226, 226, 226, 226]",0.6140088058419245
"[226, 226, 226, 226, 226, 226, 226, 226]",0.6166720360824742
"[227, 227, 227, 227]",0.6213273195876289
"[227, 227, 227, 227, 227]",0.6259020618556701
"[227, 227, 227, 227, 227, 227]",0.6160814003436428
"[227, 227, 227, 227, 227, 227, 227]",0.6176224226804123
"[227, 227, 227, 227, 227, 227, 227, 227]",0.6156142611683848
"[228, 228, 228, 228]",0.6129564003436425
"[228, 228, 228, 228, 228]",0.6295801116838489
"[228, 228, 228, 228, 228, 228]",0.6440023625429554
"[228, 228, 228, 228, 228, 228, 228]",0.6382946735395189
"[228, 228, 228, 228, 228, 228, 228, 228]",0.5582581615120276
"[229, 229, 229, 229]",0.6336769759450172
"[229, 229, 229, 229, 229]",0.6311103951890034
"[229, 229, 229, 229, 229, 229]",0.6285062285223368
"[229, 229, 229, 229, 229, 229, 229]",0.6135201890034365
"[229, 229, 229, 229, 229, 229, 229, 229]",0.627040378006873
"[230, 230, 230, 230]",0.6538445017182132
"[230, 230, 230, 230, 230]",0.641956615120275
"[230, 230, 230, 230, 230, 230]",0.6511759020618557
"[230, 230, 230, 230, 230, 230, 230]",0.6155981529209622
"[230, 230, 230, 230, 230, 230, 230, 230]",0.6151847079037801
"[231, 231, 231, 231]",0.6290270618556703
"[231, 231, 231, 231, 231]",0.6450279209621994
"[231, 231, 231, 231, 231, 231]",0.6223206615120276
"[231, 231, 231, 231, 231, 231, 231]",0.6114100085910653
"[231, 231, 231, 231, 231, 231, 231, 231]",0.6057721219931271
"[232, 232, 232, 232]",0.6347025343642612
"[232, 232, 232, 232, 232]",0.6368449312714776
"[232, 232, 232, 232, 232, 232]",0.6373174398625431
"[232, 232, 232, 232, 232, 232, 232]",0.6239529639175257
"[232, 232, 232, 232, 232, 232, 232, 232]",0.6145189003436425
"[233, 233, 233, 233]",0.635744201030928
"[233, 233, 233, 233, 233]",0.6620972938144329
"[233, 233, 233, 233, 233, 233]",0.6166774054982818
"[233, 233, 233, 233, 233, 233, 233]",0.6145672250859107
"[233, 233, 233, 233, 233, 233, 233, 233]",0.6238885309278351
"[234, 234, 234, 234]",0.6114529639175258
"[234, 234, 234, 234, 234]",0.6012188573883162
"[234, 234, 234, 234, 234, 234]",0.6456078178694157
"[234, 234, 234, 234, 234, 234, 234]",0.6418814432989691
"[234, 234, 234, 234, 234, 234, 234, 234]",0.6176331615120275
"[235, 235, 235, 235]",0.6362865120274914
"[235, 235, 235, 235, 235]",0.6340259879725086
"[235, 235, 235, 235, 235, 235]",0.6083172250859107
"[235, 235, 235, 235, 235, 235, 235]",0.6222347508591066
"[235, 235, 235, 235, 235, 235, 235, 235]",0.5933043384879724
"[236, 236, 236, 236]",0.6435083762886599
"[236, 236, 236, 236, 236]",0.6398679123711342
"[236, 236, 236, 236, 236, 236]",0.626916881443299
"[236, 236, 236, 236, 236, 236, 236]",0.6243341924398625
"[236, 236, 236, 236, 236, 236, 236, 236]",0.6041612972508591
"[237, 237, 237, 237]",0.6228253865979382
"[237, 237, 237, 237, 237]",0.6347079037800688
"[237, 237, 237, 237, 237, 237]",0.6408934707903782
"[237, 237, 237, 237, 237, 237, 237]",0.6011114690721648
"[237, 237, 237, 237, 237, 237, 237, 237]",0.6011114690721648
"[238, 238, 238, 238]",0.5980079467353951
"[238, 238, 238, 238, 238]",0.6104166666666667
"[238, 238, 238, 238, 238, 238]",0.6399001288659795
"[238, 238, 238, 238, 238, 238, 238]",0.6233193728522337
"[238, 238, 238, 238, 238, 238, 238, 238]",0.6022068298969072
"[239, 239, 239, 239]",0.6392880154639176
"[239, 239, 239, 239, 239]",0.6228414948453608
"[239, 239, 239, 239, 239, 239]",0.6181808419243986
"[239, 239, 239, 239, 239, 239, 239]",0.6093964776632302
"[239, 239, 239, 239, 239, 239, 239, 239]",0.6223528780068729
"[240, 240, 240, 240]",0.6388208762886597
"[240, 240, 240, 240, 240]",0.631556056701031
"[240, 240, 240, 240, 240, 240]",0.6506872852233678
"[240, 240, 240, 240, 240, 240, 240]",0.6213165807560137
"[240, 240, 240, 240, 240, 240, 240, 240]",0.6134718642611684
"[241, 241, 241, 241]",0.6434707903780069
"[241, 241, 241, 241, 241]",0.6352126288659794
"[241, 241, 241, 241, 241, 241]",0.647143470790378
"[241, 241, 241, 241, 241, 241, 241]",0.6099334192439863
"[241, 241, 241, 241, 241, 241, 241, 241]",0.611436855670103
"[242, 242, 242, 242]",0.625327534364261
"[242, 242, 242, 242, 242]",0.600585266323024
"[242, 242, 242, 242, 242, 242]",0.6445017182130586
"[242, 242, 242, 242, 242, 242, 242]",0.6403618986254297
"[242, 242, 242, 242, 242, 242, 242, 242]",0.6068084192439863
"[243, 243, 243, 243]",0.6186963058419245
"[243, 243, 243, 243, 243]",0.6280498281786941
"[243, 243, 243, 243, 243, 243]",0.6135631443298969
"[243, 243, 243, 243, 243, 243, 243]",0.598072379725086
"[243, 243, 243, 243, 243, 243, 243, 243]",0.6139873281786942
"[244, 244, 244, 244]",0.6170801116838487
"[244, 244, 244, 244, 244]",0.6222347508591065
"[244, 244, 244, 244, 244, 244]",0.6233354810996564
"[244, 244, 244, 244, 244, 244, 244]",0.619737972508591
"[244, 244, 244, 244, 244, 244, 244, 244]",0.5828769329896908
"[245, 245, 245, 245]",0.6512295962199312
"[245, 245, 245, 245, 245]",0.6119415807560138
"[245, 245, 245, 245, 245, 245]",0.6408827319587629
"[245, 245, 245, 245, 245, 245, 245]",0.6083172250859106
"[245, 245, 245, 245, 245, 245, 245, 245]",0.6130262027491409
"[246, 246, 246, 246]",0.6089830326460481
"[246, 246, 246, 246, 246]",0.6309976374570447
"[246, 246, 246, 246, 246, 246]",0.6099817439862545
"[246, 246, 246, 246, 246, 246, 246]",0.606357388316151
"[246, 246, 246, 246, 246, 246, 246, 246]",0.5660491838487972
"[247, 247, 247, 247]",0.6131389604810996
"[247, 247, 247, 247, 247]",0.6523088487972509
"[247, 247, 247, 247, 247, 247]",0.6413767182130585
"[247, 247, 247, 247, 247, 247, 247]",0.638353737113402
"[247, 247, 247, 247, 247, 247, 247, 247]",0.6129564003436426
"[248, 248, 248, 248]",0.634106529209622
"[248, 248, 248, 248, 248]",0.6409632731958762
"[248, 248, 248, 248, 248, 248]",0.6280229810996565
"[248, 248, 248, 248, 248, 248, 248]",0.6047411941580757
"[248, 248, 248, 248, 248, 248, 248, 248]",0.6088810137457045
"[249, 249, 249, 249]",0.6026471219931271
"[249, 249, 249, 249, 249]",0.6387295962199312
"[249, 249, 249, 249, 249, 249]",0.6325869845360825
"[249, 249, 249, 249, 249, 249, 249]",0.6042633161512028
"[249, 249, 249, 249, 249, 249, 249, 249]",0.6223582474226805
