377,376,373,378,378,379,380,379,378,379,378,378,378,377,376,377,377,377,378,379,379,379,379,379,378,378,377,376,373,378,12,25,36,46,58,69,84,98,115,130,141,152,160,168,175,180,183,186,188,189,188,188,187,186,185,184,12,25,36,46
373,378,378,379,380,379,378,379,378,378,378,377,376,377,377,377,378,379,379,379,379,379,378,378,377,376,373,378,378,379,36,46,58,69,84,98,115,130,141,152,160,168,175,180,183,186,188,189,188,188,187,186,185,184,12,25,36,46,58,69
378,379,380,379,378,379,378,378,378,377,376,377,377,377,378,379,379,379,379,379,378,378,377,376,373,378,378,379,380,379,58,69,84,98,115,130,141,152,160,168,175,180,183,186,188,189,188,188,187,186,185,184,12,25,36,46,58,69,84,98
380,379,378,379,378,378,378,377,376,377,377,377,378,379,379,379,379,379,378,378,377,376,373,378,378,379,380,379,378,379,84,98,115,130,141,152,160,168,175,180,183,186,188,189,188,188,187,186,185,184,12,25,36,46,58,69,84,98,115,130
378,379,378,378,378,377,376,377,377,377,378,379,379,379,379,379,378,378,377,376,373,378,378,379,380,379,378,379,378,378,115,130,141,152,160,168,175,180,183,186,188,189,188,188,187,186,185,184,12,25,36,46,58,69,84,98,115,130,141,152
378,378,378,377,376,377,377,377,378,379,379,379,379,379,378,378,377,376,373,378,378,379,380,379,378,379,378,378,378,377,141,152,160,168,175,180,183,186,188,189,188,188,187,186,185,184,12,25,36,46,58,69,84,98,115,130,141,152,160,168
378,377,376,377,377,377,378,379,379,379,379,379,378,378,377,376,373,378,378,379,380,379,378,379,378,378,378,377,376,377,160,168,175,180,183,186,188,189,188,188,187,186,185,184,12,25,36,46,58,69,84,98,115,130,141,152,160,168,175,180
376,377,377,377,378,379,379,379,379,379,378,378,377,376,373,378,378,379,380,379,378,379,378,378,378,377,376,377,377,377,175,180,183,186,188,189,188,188,187,186,185,184,12,25,36,46,58,69,84,98,115,130,141,152,160,168,175,180,183,186
377,377,378,379,379,379,379,379,378,378,377,376,373,378,378,379,380,379,378,379,378,378,378,377,376,377,377,377,378,379,183,186,188,189,188,188,187,186,185,184,12,25,36,46,58,69,84,98,115,130,141,152,160,168,175,180,183,186,188,189
378,379,379,379,379,379,378,378,377,376,373,378,378,379,380,379,378,379,378,378,378,377,376,377,377,377,378,379,379,379,188,189,188,188,187,186,185,184,12,25,36,46,58,69,84,98,115,130,141,152,160,168,175,180,183,186,188,189,188,188
379,379,379,379,378,378,377,376,373,378,378,379,380,379,378,379,378,378,378,377,376,377,377,377,378,379,379,379,379,379,188,188,187,186,185,184,12,25,36,46,58,69,84,98,115,130,141,152,160,168,175,180,183,186,188,189,188,188,187,186
379,379,378,378,377,376,373,378,378,379,380,379,378,379,378,378,378,377,376,377,377,377,378,379,379,379,379,379,378,378,187,186,185,184,12,25,36,46,58,69,84,98,115,130,141,152,160,168,175,180,183,186,188,189,188,188,187,186,185,184
378,378,377,376,373,378,378,379,380,379,378,379,378,378,378,377,376,377,377,377,378,379,379,379,379,379,378,378,379,380,185,184,12,25,36,46,58,69,84,98,115,130,141,152,160,168,175,180,183,186,188,189,188,188,187,186,185,184,184,183
377,376,373,378,378,379,380,379,378,379,378,378,378,377,376,377,377,377,378,379,379,379,379,379,378,378,379,380,380,379,12,25,36,46,58,69,84,98,115,130,141,152,160,168,175,180,183,186,188,189,188,188,187,186,185,184,184,183,182,180
373,378,378,379,380,379,378,379,378,378,378,377,376,377,377,377,378,379,379,379,379,379,378,378,379,380,380,379,382,382,36,46,58,69,84,98,115,130,141,152,160,168,175,180,183,186,188,189,188,188,187,186,185,184,184,183,182,180,180,181
378,379,380,379,378,379,378,378,378,377,376,377,377,377,378,379,379,379,379,379,378,378,379,380,380,379,382,382,382,383,58,69,84,98,115,130,141,152,160,168,175,180,183,186,188,189,188,188,187,186,185,184,184,183,182,180,180,181,180,180
380,379,378,379,378,378,378,377,376,377,377,377,378,379,379,379,379,379,378,378,379,380,380,379,382,382,382,383,383,383,84,98,115,130,141,152,160,168,175,180,183,186,188,189,188,188,187,186,185,184,184,183,182,180,180,181,180,180,180,180
378,379,378,378,378,377,376,377,377,377,378,379,379,379,379,379,378,378,379,380,380,379,382,382,382,383,383,383,383,383,115,130,141,152,160,168,175,180,183,186,188,189,188,188,187,186,185,184,184,183,182,180,180,181,180,180,180,180,180,181
378,378,378,377,376,377,377,377,378,379,379,379,379,379,378,378,379,380,380,379,382,382,382,383,383,383,383,383,382,381,141,152,160,168,175,180,183,186,188,189,188,188,187,186,185,184,184,183,182,180,180,181,180,180,180,180,180,181,180,178
378,377,376,377,377,377,378,379,379,379,379,379,378,378,379,380,380,379,382,382,382,383,383,383,383,383,382,381,381,380,160,168,175,180,183,186,188,189,188,188,187,186,185,184,184,183,182,180,180,181,180,180,180,180,180,181,180,178,178,177
376,377,377,377,378,379,379,379,379,379,378,378,379,380,380,379,382,382,382,383,383,383,383,383,382,381,381,380,382,382,175,180,183,186,188,189,188,188,187,186,185,184,184,183,182,180,180,181,180,180,180,180,180,181,180,178,178,177,178,177
377,377,378,379,379,379,379,379,378,378,379,380,380,379,382,382,382,383,383,383,383,383,382,381,381,380,382,382,382,382,183,186,188,189,188,188,187,186,185,184,184,183,182,180,180,181,180,180,180,180,180,181,180,178,178,177,178,177,177,177
378,379,379,379,379,379,378,378,379,380,380,379,382,382,382,383,383,383,383,383,382,381,381,380,382,382,382,382,381,382,188,189,188,188,187,186,185,184,184,183,182,180,180,181,180,180,180,180,180,181,180,178,178,177,178,177,177,177,178,178
379,379,379,379,378,378,379,380,380,379,382,382,382,383,383,383,383,383,382,381,381,380,382,382,382,382,381,382,382,381,188,188,187,186,185,184,184,183,182,180,180,181,180,180,180,180,180,181,180,178,178,177,178,177,177,177,178,178,178,178
379,379,378,378,379,380,380,379,382,382,382,383,383,383,383,383,382,381,381,380,382,382,382,382,381,382,382,381,382,382,187,186,185,184,184,183,182,180,180,181,180,180,180,180,180,181,180,178,178,177,178,177,177,177,178,178,178,178,178,178
378,378,379,380,380,379,382,382,382,383,383,383,383,383,382,381,381,380,382,382,382,382,381,382,382,381,382,382,383,383,185,184,184,183,182,180,180,181,180,180,180,180,180,181,180,178,178,177,178,177,177,177,178,178,178,178,178,178,179,180
379,380,380,379,382,382,382,383,383,383,383,383,382,381,381,380,382,382,382,382,381,382,382,381,382,382,383,383,382,382,184,183,182,180,180,181,180,180,180,180,180,181,180,178,178,177,178,177,177,177,178,178,178,178,178,178,179,180,181,182
380,379,382,382,382,383,383,383,383,383,382,381,381,380,382,382,382,382,381,382,382,381,382,382,383,383,382,382,382,384,182,180,180,181,180,180,180,180,180,181,180,178,178,177,178,177,177,177,178,178,178,178,178,178,179,180,181,182,182,180
382,382,382,383,383,383,383,383,382,381,381,380,382,382,382,382,381,382,382,381,382,382,383,383,382,382,382,384,387,393,180,181,180,180,180,180,180,181,180,178,178,177,178,177,177,177,178,178,178,178,178,178,179,180,181,182,182,180,176,168
382,383,383,383,383,383,382,381,381,380,382,382,382,382,381,382,382,381,382,382,383,383,382,382,382,384,387,393,399,406,180,180,180,180,180,181,180,178,178,177,178,177,177,177,178,178,178,178,178,178,179,180,181,182,182,180,176,168,158,148
383,383,383,383,382,381,381,380,382,382,382,382,381,382,382,381,382,382,383,383,382,382,382,384,387,393,399,406,412,419,180,180,180,181,180,178,178,177,178,177,177,177,178,178,178,178,178,178,179,180,181,182,182,180,176,168,158,148,132,115
383,383,382,381,381,380,382,382,382,382,381,382,382,381,382,382,383,383,382,382,382,384,387,393,399,406,412,419,429,437,180,181,180,178,178,177,178,177,177,177,178,178,178,178,178,178,179,180,181,182,182,180,176,168,158,148,132,115,97,80
382,381,381,380,382,382,382,382,381,382,382,381,382,382,383,383,382,382,382,384,387,393,399,406,412,419,429,437,447,459,180,178,178,177,178,177,177,177,178,178,178,178,178,178,179,180,181,182,182,180,176,168,158,148,132,115,97,80,70,58
381,380,382,382,382,382,381,382,382,381,382,382,383,383,382,382,382,384,387,393,399,406,412,419,429,437,447,459,471,482,178,177,178,177,177,177,178,178,178,178,178,178,179,180,181,182,182,180,176,168,158,148,132,115,97,80,70,58,48,33
382,382,382,382,381,382,382,381,382,382,383,383,382,382,382,384,387,393,399,406,412,419,429,437,447,459,471,482,478,39,178,177,177,177,178,178,178,178,178,178,179,180,181,182,182,180,176,168,158,148,132,115,97,80,70,58,48,33,15,33
382,382,381,382,382,381,382,382,383,383,382,382,382,384,387,393,399,406,412,419,429,437,447,459,471,482,478,39,64,43,177,177,178,178,178,178,178,178,179,180,181,182,182,180,176,168,158,148,132,115,97,80,70,58,48,33,15,33,13,43
381,382,382,381,382,382,383,383,382,382,382,384,387,393,399,406,412,419,429,437,447,459,471,482,478,39,64,43,44,45,178,178,178,178,178,178,179,180,181,182,182,180,176,168,158,148,132,115,97,80,70,58,48,33,15,33,13,43,57,73
382,381,382,382,383,383,382,382,382,384,387,393,399,406,412,419,429,437,447,459,471,482,478,39,64,43,44,45,48,50,178,178,178,178,179,180,181,182,182,180,176,168,158,148,132,115,97,80,70,58,48,33,15,33,13,43,57,73,85,99
382,382,383,383,382,382,382,384,387,393,399,406,412,419,429,437,447,459,471,482,478,39,64,43,44,45,48,50,54,56,178,178,179,180,181,182,182,180,176,168,158,148,132,115,97,80,70,58,48,33,15,33,13,43,57,73,85,99,115,130
383,383,382,382,382,384,387,393,399,406,412,419,429,437,447,459,471,482,478,39,64,43,44,45,48,50,54,56,61,64,179,180,181,182,182,180,176,168,158,148,132,115,97,80,70,58,48,33,15,33,13,43,57,73,85,99,115,130,145,160
382,382,382,384,387,393,399,406,412,419,429,437,447,459,471,482,478,39,64,43,44,45,48,50,54,56,61,64,68,69,181,182,182,180,176,168,158,148,132,115,97,80,70,58,48,33,15,33,13,43,57,73,85,99,115,130,145,160,171,178
382,384,387,393,399,406,412,419,429,437,447,459,471,482,478,39,64,43,44,45,48,50,54,56,61,64,68,69,77,76,182,180,176,168,158,148,132,115,97,80,70,58,48,33,15,33,13,43,57,73,85,99,115,130,145,160,171,178,193,195
387,393,399,406,412,419,429,437,447,459,471,482,478,39,64,43,44,45,48,50,54,56,61,64,68,69,77,76,93,104,176,168,158,148,132,115,97,80,70,58,48,33,15,33,13,43,57,73,85,99,115,130,145,160,171,178,193,195,230,251
399,406,412,419,429,437,447,459,471,482,478,39,64,43,44,45,48,50,54,56,61,64,68,69,77,76,93,104,104,111,158,148,132,115,97,80,70,58,48,33,15,33,13,43,57,73,85,99,115,130,145,160,171,178,193,195,230,251,257,271
412,419,429,437,447,459,471,482,478,39,64,43,44,45,48,50,54,56,61,64,68,69,77,76,93,104,104,111,111,113,132,115,97,80,70,58,48,33,15,33,13,43,57,73,85,99,115,130,145,160,171,178,193,195,230,251,257,271,271,281
429,437,447,459,471,482,478,39,64,43,44,45,48,50,54,56,61,64,68,69,77,76,93,104,104,111,111,113,114,121,97,80,70,58,48,33,15,33,13,43,57,73,85,99,115,130,145,160,171,178,193,195,230,251,257,271,271,281,285,300
447,459,471,482,478,39,64,43,44,45,48,50,54,56,61,64,68,69,77,76,93,104,104,111,111,113,114,121,30,122,70,58,48,33,15,33,13,43,57,73,85,99,115,130,145,160,171,178,193,195,230,251,257,271,271,281,285,300,137,305
471,482,478,39,64,43,44,45,48,50,54,56,61,64,68,69,77,76,93,104,104,111,111,113,114,121,30,122,132,133,48,33,15,33,13,43,57,73,85,99,115,130,145,160,171,178,193,195,230,251,257,271,271,281,285,300,137,305,318,324
478,39,64,43,44,45,48,50,54,56,61,64,68,69,77,76,93,104,104,111,111,113,114,121,30,122,132,133,136,140,15,33,13,43,57,73,85,99,115,130,145,160,171,178,193,195,230,251,257,271,271,281,285,300,137,305,318,324,326,333
64,43,44,45,48,50,54,56,61,64,68,69,77,76,93,104,104,111,111,113,114,121,30,122,132,133,136,140,144,146,13,43,57,73,85,99,115,130,145,160,171,178,193,195,230,251,257,271,271,281,285,300,137,305,318,324,326,333,338,343
44,45,48,50,54,56,61,64,68,69,77,76,93,104,104,111,111,113,114,121,30,122,132,133,136,140,144,146,147,148,57,73,85,99,115,130,145,160,171,178,193,195,230,251,257,271,271,281,285,300,137,305,318,324,326,333,338,343,348,352
48,50,54,56,61,64,68,69,77,76,93,104,104,111,111,113,114,121,30,122,132,133,136,140,144,146,147,148,151,153,85,99,115,130,145,160,171,178,193,195,230,251,257,271,271,281,285,300,137,305,318,324,326,333,338,343,348,352,358,361
54,56,61,64,68,69,77,76,93,104,104,111,111,113,114,121,30,122,132,133,136,140,144,146,147,148,151,153,157,157,115,130,145,160,171,178,193,195,230,251,257,271,271,281,285,300,137,305,318,324,326,333,338,343,348,352,358,361,366,370
61,64,68,69,77,76,93,104,104,111,111,113,114,121,30,122,132,133,136,140,144,146,147,148,151,153,157,157,159,161,145,160,171,178,193,195,230,251,257,271,271,281,285,300,137,305,318,324,326,333,338,343,348,352,358,361,366,370,373,375
68,69,77,76,93,104,104,111,111,113,114,121,30,122,132,133,136,140,144,146,147,148,151,153,157,157,159,161,162,163,171,178,193,195,230,251,257,271,271,281,285,300,137,305,318,324,326,333,338,343,348,352,358,361,366,370,373,375,375,376
77,76,93,104,104,111,111,113,114,121,30,122,132,133,136,140,144,146,147,148,151,153,157,157,159,161,162,163,443,164,193,195,230,251,257,271,271,281,285,300,137,305,318,324,326,333,338,343,348,352,358,361,366,370,373,375,375,376,183,376
93,104,104,111,111,113,114,121,30,122,132,133,136,140,144,146,147,148,151,153,157,157,159,161,162,163,443,164,167,168,230,251,257,271,271,281,285,300,137,305,318,324,326,333,338,343,348,352,358,361,366,370,373,375,375,376,183,376,377,377
104,111,111,113,114,121,30,122,132,133,136,140,144,146,147,148,151,153,157,157,159,161,162,163,443,164,167,168,169,171,257,271,271,281,285,300,137,305,318,324,326,333,338,343,348,352,358,361,366,370,373,375,375,376,183,376,377,377,377,378
111,113,114,121,30,122,132,133,136,140,144,146,147,148,151,153,157,157,159,161,162,163,443,164,167,168,169,171,173,174,271,281,285,300,137,305,318,324,326,333,338,343,348,352,358,361,366,370,373,375,375,376,183,376,377,377,377,378,378,378
114,121,30,122,132,133,136,140,144,146,147,148,151,153,157,157,159,161,162,163,443,164,167,168,169,171,173,174,174,175,285,300,137,305,318,324,326,333,338,343,348,352,358,361,366,370,373,375,375,376,183,376,377,377,377,378,378,378,377,377
30,122,132,133,136,140,144,146,147,148,151,153,157,157,159,161,162,163,443,164,167,168,169,171,173,174,174,175,176,177,137,305,318,324,326,333,338,343,348,352,358,361,366,370,373,375,375,376,183,376,377,377,377,378,378,378,377,377,378,378
132,133,136,140,144,146,147,148,151,153,157,157,159,161,162,163,443,164,167,168,169,171,173,174,174,175,176,177,176,178,318,324,326,333,338,343,348,352,358,361,366,370,373,375,375,376,183,376,377,377,377,378,378,378,377,377,378,378,378,379
136,140,144,146,147,148,151,153,157,157,159,161,162,163,443,164,167,168,169,171,173,174,174,175,176,177,176,178,178,177,326,333,338,343,348,352,358,361,366,370,373,375,375,376,183,376,377,377,377,378,378,378,377,377,378,378,378,379,379,378
144,146,147,148,151,153,157,157,159,161,162,163,443,164,167,168,169,171,173,174,174,175,176,177,176,178,178,177,177,179,338,343,348,352,358,361,366,370,373,375,375,376,183,376,377,377,377,378,378,378,377,377,378,378,378,379,379,378,377,376
147,148,151,153,157,157,159,161,162,163,443,164,167,168,169,171,173,174,174,175,176,177,176,178,178,177,177,179,180,181,348,352,358,361,366,370,373,375,375,376,183,376,377,377,377,378,378,378,377,377,378,378,378,379,379,378,377,376,376,375
151,153,157,157,159,161,162,163,443,164,167,168,169,171,173,174,174,175,176,177,176,178,178,177,177,179,180,181,444,182,358,361,366,370,373,375,375,376,183,376,377,377,377,378,378,378,377,377,378,378,378,379,379,378,377,376,376,375,186,374
157,157,159,161,162,163,443,164,167,168,169,171,173,174,174,175,176,177,176,178,178,177,177,179,180,181,444,182,186,190,366,370,373,375,375,376,183,376,377,377,377,378,378,378,377,377,378,378,378,379,379,378,377,376,376,375,186,374,373,372
159,161,162,163,443,164,167,168,169,171,173,174,174,175,176,177,176,178,178,177,177,179,180,181,444,182,186,190,195,201,373,375,375,376,183,376,377,377,377,378,378,378,377,377,378,378,378,379,379,378,377,376,376,375,186,374,373,372,371,370
162,163,443,164,167,168,169,171,173,174,174,175,176,177,176,178,178,177,177,179,180,181,444,182,186,190,195,201,205,212,375,376,183,376,377,377,377,378,378,378,377,377,378,378,378,379,379,378,377,376,376,375,186,374,373,372,371,370,368,367
443,164,167,168,169,171,173,174,174,175,176,177,176,178,178,177,177,179,180,181,444,182,186,190,195,201,205,212,221,225,183,376,377,377,377,378,378,378,377,377,378,378,378,379,379,378,377,376,376,375,186,374,373,372,371,370,368,367,363,357
167,168,169,171,173,174,174,175,176,177,176,178,178,177,177,179,180,181,444,182,186,190,195,201,205,212,221,225,230,233,377,377,377,378,378,378,377,377,378,378,378,379,379,378,377,376,376,375,186,374,373,372,371,370,368,367,363,357,351,344
169,171,173,174,174,175,176,177,176,178,178,177,177,179,180,181,444,182,186,190,195,201,205,212,221,225,230,233,236,72,377,378,378,378,377,377,378,378,378,379,379,378,377,376,376,375,186,374,373,372,371,370,368,367,363,357,351,344,336,115
173,174,174,175,176,177,176,178,178,177,177,179,180,181,444,182,186,190,195,201,205,212,221,225,230,233,236,72,236,235,378,378,377,377,378,378,378,379,379,378,377,376,376,375,186,374,373,372,371,370,368,367,363,357,351,344,336,115,326,318
174,175,176,177,176,178,178,177,177,179,180,181,444,182,186,190,195,201,205,212,221,225,230,233,236,72,236,235,232,229,377,377,378,378,378,379,379,378,377,376,376,375,186,374,373,372,371,370,368,367,363,357,351,344,336,115,326,318,310,302
176,177,176,178,178,177,177,179,180,181,444,182,186,190,195,201,205,212,221,225,230,233,236,72,236,235,232,229,228,224,378,378,378,379,379,378,377,376,376,375,186,374,373,372,371,370,368,367,363,357,351,344,336,115,326,318,310,302,296,290
176,178,178,177,177,179,180,181,444,182,186,190,195,201,205,212,221,225,230,233,236,72,236,235,232,229,228,224,219,214,378,379,379,378,377,376,376,375,186,374,373,372,371,370,368,367,363,357,351,344,336,115,326,318,310,302,296,290,285,280
178,177,177,179,180,181,444,182,186,190,195,201,205,212,221,225,230,233,236,72,236,235,232,229,228,224,219,214,209,203,379,378,377,376,376,375,186,374,373,372,371,370,368,367,363,357,351,344,336,115,326,318,310,302,296,290,285,280,275,271
177,179,180,181,444,182,186,190,195,201,205,212,221,225,230,233,236,72,236,235,232,229,228,224,219,214,209,203,198,193,377,376,376,375,186,374,373,372,371,370,368,367,363,357,351,344,336,115,326,318,310,302,296,290,285,280,275,271,267,263
180,181,444,182,186,190,195,201,205,212,221,225,230,233,236,72,236,235,232,229,228,224,219,214,209,203,198,193,190,188,376,375,186,374,373,372,371,370,368,367,363,357,351,344,336,115,326,318,310,302,296,290,285,280,275,271,267,263,265,268
444,182,186,190,195,201,205,212,221,225,230,233,236,72,236,235,232,229,228,224,219,214,209,203,198,193,190,188,184,182,186,374,373,372,371,370,368,367,363,357,351,344,336,115,326,318,310,302,296,290,285,280,275,271,267,263,265,268,272,278
186,190,195,201,205,212,221,225,230,233,236,72,236,235,232,229,228,224,219,214,209,203,198,193,190,188,184,182,176,174,373,372,371,370,368,367,363,357,351,344,336,115,326,318,310,302,296,290,285,280,275,271,267,263,265,268,272,278,283,291
195,201,205,212,221,225,230,233,236,72,236,235,232,229,228,224,219,214,209,203,198,193,190,188,184,182,176,174,167,163,371,370,368,367,363,357,351,344,336,115,326,318,310,302,296,290,285,280,275,271,267,263,265,268,272,278,283,291,294,301
205,212,221,225,230,233,236,72,236,235,232,229,228,224,219,214,209,203,198,193,190,188,184,182,176,174,167,163,157,154,368,367,363,357,351,344,336,115,326,318,310,302,296,290,285,280,275,271,267,263,265,268,272,278,283,291,294,301,307,312
221,225,230,233,236,72,236,235,232,229,228,224,219,214,209,203,198,193,190,188,184,182,176,174,167,163,157,154,153,149,363,357,351,344,336,115,326,318,310,302,296,290,285,280,275,271,267,263,265,268,272,278,283,291,294,301,307,312,318,321
230,233,236,72,236,235,232,229,228,224,219,214,209,203,198,193,190,188,184,182,176,174,167,163,157,154,153,149,148,148,351,344,336,115,326,318,310,302,296,290,285,280,275,271,267,263,265,268,272,278,283,291,294,301,307,312,318,321,322,323
236,72,236,235,232,229,228,224,219,214,209,203,198,193,190,188,184,182,176,174,167,163,157,154,153,149,148,148,147,149,336,115,326,318,310,302,296,290,285,280,275,271,267,263,265,268,272,278,283,291,294,301,307,312,318,321,322,323,322,318
236,235,232,229,228,224,219,214,209,203,198,193,190,188,184,182,176,174,167,163,157,154,153,149,148,148,147,149,154,165,326,318,310,302,296,290,285,280,275,271,267,263,265,268,272,278,283,291,294,301,307,312,318,321,322,323,322,318,317,316
232,229,228,224,219,214,209,203,198,193,190,188,184,182,176,174,167,163,157,154,153,149,148,148,147,149,154,165,171,180,310,302,296,290,285,280,275,271,267,263,265,268,272,278,283,291,294,301,307,312,318,321,322,323,322,318,317,316,309,307
228,224,219,214,209,203,198,193,190,188,184,182,176,174,167,163,157,154,153,149,148,148,147,149,154,165,171,180,183,192,296,290,285,280,275,271,267,263,265,268,272,278,283,291,294,301,307,312,318,321,322,323,322,318,317,316,309,307,305,311
219,214,209,203,198,193,190,188,184,182,176,174,167,163,157,154,153,149,148,148,147,149,154,165,171,180,183,192,244,201,285,280,275,271,267,263,265,268,272,278,283,291,294,301,307,312,318,321,322,323,322,318,317,316,309,307,305,311,255,319
209,203,198,193,190,188,184,182,176,174,167,163,157,154,153,149,148,148,147,149,154,165,171,180,183,192,244,201,249,205,275,271,267,263,265,268,272,278,283,291,294,301,307,312,318,321,322,323,322,318,317,316,309,307,305,311,255,319,255,319
198,193,190,188,184,182,176,174,167,163,157,154,153,149,148,148,147,149,154,165,171,180,183,192,244,201,249,205,208,202,267,263,265,268,272,278,283,291,294,301,307,312,318,321,322,323,322,318,317,316,309,307,305,311,255,319,255,319,318,303
190,188,184,182,176,174,167,163,157,154,153,149,148,148,147,149,154,165,171,180,183,192,244,201,249,205,208,202,194,187,265,268,272,278,283,291,294,301,307,312,318,321,322,323,322,318,317,316,309,307,305,311,255,319,255,319,318,303,284,264
184,182,176,174,167,163,157,154,153,149,148,148,147,149,154,165,171,180,183,192,244,201,249,205,208,202,194,187,178,165,272,278,283,291,294,301,307,312,318,321,322,323,322,318,317,316,309,307,305,311,255,319,255,319,318,303,284,264,247,224
176,174,167,163,157,154,153,149,148,148,147,149,154,165,171,180,183,192,244,201,249,205,208,202,194,187,178,165,148,99,283,291,294,301,307,312,318,321,322,323,322,318,317,316,309,307,305,311,255,319,255,319,318,303,284,264,247,224,201,134
167,163,157,154,153,149,148,148,147,149,154,165,171,180,183,192,244,201,249,205,208,202,194,187,178,165,148,99,83,62,294,301,307,312,318,321,322,323,322,318,317,316,309,307,305,311,255,319,255,319,318,303,284,264,247,224,201,134,117,88
157,154,153,149,148,148,147,149,154,165,171,180,183,192,244,201,249,205,208,202,194,187,178,165,148,99,83,62,49,44,307,312,318,321,322,323,322,318,317,316,309,307,305,311,255,319,255,319,318,303,284,264,247,224,201,134,117,88,65,30
153,149,148,148,147,149,154,165,171,180,183,192,244,201,249,205,208,202,194,187,178,165,148,99,83,62,49,44,72,49,318,321,322,323,322,318,317,316,309,307,305,311,255,319,255,319,318,303,284,264,247,224,201,134,117,88,65,30,62,10
148,148,147,149,154,165,171,180,183,192,244,201,249,205,208,202,194,187,178,165,148,99,83,62,49,44,72,49,91,89,322,323,322,318,317,316,309,307,305,311,255,319,255,319,318,303,284,264,247,224,201,134,117,88,65,30,62,10,10,24
147,149,154,165,171,180,183,192,244,201,249,205,208,202,194,187,178,165,148,99,83,62,49,44,72,49,91,89,98,103,322,318,317,316,309,307,305,311,255,319,255,319,318,303,284,264,247,224,201,134,117,88,65,30,62,10,10,24,37,58
154,165,171,180,183,192,244,201,249,205,208,202,194,187,178,165,148,99,83,62,49,44,72,49,91,89,98,103,113,125,317,316,309,307,305,311,255,319,255,319,318,303,284,264,247,224,201,134,117,88,65,30,62,10,10,24,37,58,77,102
171,180,183,192,244,201,249,205,208,202,194,187,178,165,148,99,83,62,49,44,72,49,91,89,98,103,113,125,133,153,309,307,305,311,255,319,255,319,318,303,284,264,247,224,201,134,117,88,65,30,62,10,10,24,37,58,77,102,126,197
183,192,244,201,249,205,208,202,194,187,178,165,148,99,83,62,49,44,72,49,91,89,98,103,113,125,133,153,161,169,305,311,255,319,255,319,318,303,284,264,247,224,201,134,117,88,65,30,62,10,10,24,37,58,77,102,126,197,231,260
244,201,249,205,208,202,194,187,178,165,148,99,83,62,49,44,72,49,91,89,98,103,113,125,133,153,161,169,177,184,255,319,255,319,318,303,284,264,247,224,201,134,117,88,65,30,62,10,10,24,37,58,77,102,126,197,231,260,290,320
249,205,208,202,194,187,178,165,148,99,83,62,49,44,72,49,91,89,98,103,113,125,133,153,161,169,177,184,193,201,255,319,318,303,284,264,247,224,201,134,117,88,65,30,62,10,10,24,37,58,77,102,126,197,231,260,290,320,343,367
208,202,194,187,178,165,148,99,83,62,49,44,72,49,91,89,98,103,113,125,133,153,161,169,177,184,193,201,215,221,318,303,284,264,247,224,201,134,117,88,65,30,62,10,10,24,37,58,77,102,126,197,231,260,290,320,343,367,379,387
194,187,178,165,148,99,83,62,49,44,72,49,91,89,98,103,113,125,133,153,161,169,177,184,193,201,215,221,231,242,284,264,247,224,201,134,117,88,65,30,62,10,10,24,37,58,77,102,126,197,231,260,290,320,343,367,379,387,391,390
178,165,148,99,83,62,49,44,72,49,91,89,98,103,113,125,133,153,161,169,177,184,193,201,215,221,231,242,242,242,247,224,201,134,117,88,65,30,62,10,10,24,37,58,77,102,126,197,231,260,290,320,343,367,379,387,391,390,379,371
148,99,83,62,49,44,72,49,91,89,98,103,113,125,133,153,161,169,177,184,193,201,215,221,231,242,242,242,241,240,201,134,117,88,65,30,62,10,10,24,37,58,77,102,126,197,231,260,290,320,343,367,379,387,391,390,379,371,362,347
83,62,49,44,72,49,91,89,98,103,113,125,133,153,161,169,177,184,193,201,215,221,231,242,242,242,241,240,238,232,117,88,65,30,62,10,10,24,37,58,77,102,126,197,231,260,290,320,343,367,379,387,391,390,379,371,362,347,330,309
49,44,72,49,91,89,98,103,113,125,133,153,161,169,177,184,193,201,215,221,231,242,242,242,241,240,238,232,225,220,65,30,62,10,10,24,37,58,77,102,126,197,231,260,290,320,343,367,379,387,391,390,379,371,362,347,330,309,284,257
72,49,91,89,98,103,113,125,133,153,161,169,177,184,193,201,215,221,231,242,242,242,241,240,238,232,225,220,209,200,62,10,10,24,37,58,77,102,126,197,231,260,290,320,343,367,379,387,391,390,379,371,362,347,330,309,284,257,230,202
91,89,98,103,113,125,133,153,161,169,177,184,193,201,215,221,231,242,242,242,241,240,238,232,225,220,209,200,183,159,10,24,37,58,77,102,126,197,231,260,290,320,343,367,379,387,391,390,379,371,362,347,330,309,284,257,230,202,167,126
98,103,113,125,133,153,161,169,177,184,193,201,215,221,231,242,242,242,241,240,238,232,225,220,209,200,183,159,137,120,37,58,77,102,126,197,231,260,290,320,343,367,379,387,391,390,379,371,362,347,330,309,284,257,230,202,167,126,89,68
113,125,133,153,161,169,177,184,193,201,215,221,231,242,242,242,241,240,238,232,225,220,209,200,183,159,137,120,105,93,77,102,126,197,231,260,290,320,343,367,379,387,391,390,379,371,362,347,330,309,284,257,230,202,167,126,89,68,49,34
133,153,161,169,177,184,193,201,215,221,231,242,242,242,241,240,238,232,225,220,209,200,183,159,137,120,105,93,78,57,126,197,231,260,290,320,343,367,379,387,391,390,379,371,362,347,330,309,284,257,230,202,167,126,89,68,49,34,23,12
161,169,177,184,193,201,215,221,231,242,242,242,241,240,238,232,225,220,209,200,183,159,137,120,105,93,78,57,82,79,231,260,290,320,343,367,379,387,391,390,379,371,362,347,330,309,284,257,230,202,167,126,89,68,49,34,23,12,21,45
177,184,193,201,215,221,231,242,242,242,241,240,238,232,225,220,209,200,183,159,137,120,105,93,78,57,82,79,79,89,290,320,343,367,379,387,391,390,379,371,362,347,330,309,284,257,230,202,167,126,89,68,49,34,23,12,21,45,68,107
193,201,215,221,231,242,242,242,241,240,238,232,225,220,209,200,183,159,137,120,105,93,78,57,82,79,79,89,106,210,343,367,379,387,391,390,379,371,362,347,330,309,284,257,230,202,167,126,89,68,49,34,23,12,21,45,68,107,163,251
215,221,231,242,242,242,241,240,238,232,225,220,209,200,183,159,137,120,105,93,78,57,82,79,79,89,106,210,138,163,379,387,391,390,379,371,362,347,330,309,284,257,230,202,167,126,89,68,49,34,23,12,21,45,68,107,163,251,241,290
231,242,242,242,241,240,238,232,225,220,209,200,183,159,137,120,105,93,78,57,82,79,79,89,106,210,138,163,188,210,391,390,379,371,362,347,330,309,284,257,230,202,167,126,89,68,49,34,23,12,21,45,68,107,163,251,241,290,330,357
242,242,241,240,238,232,225,220,209,200,183,159,137,120,105,93,78,57,82,79,79,89,106,210,138,163,188,210,233,256,379,371,362,347,330,309,284,257,230,202,167,126,89,68,49,34,23,12,21,45,68,107,163,251,241,290,330,357,371,383
241,240,238,232,225,220,209,200,183,159,137,120,105,93,78,57,82,79,79,89,106,210,138,163,188,210,233,256,282,135,362,347,330,309,284,257,230,202,167,126,89,68,49,34,23,12,21,45,68,107,163,251,241,290,330,357,371,383,392,124
238,232,225,220,209,200,183,159,137,120,105,93,78,57,82,79,79,89,106,210,138,163,188,210,233,256,282,135,305,146,330,309,284,257,230,202,167,126,89,68,49,34,23,12,21,45,68,107,163,251,241,290,330,357,371,383,392,124,399,125
225,220,209,200,183,159,137,120,105,93,78,57,82,79,79,89,106,210,138,163,188,210,233,256,282,135,305,146,326,154,284,257,230,202,167,126,89,68,49,34,23,12,21,45,68,107,163,251,241,290,330,357,371,383,392,124,399,125,410,125
209,200,183,159,137,120,105,93,78,57,82,79,79,89,106,210,138,163,188,210,233,256,282,135,305,146,326,154,347,167,230,202,167,126,89,68,49,34,23,12,21,45,68,107,163,251,241,290,330,357,371,383,392,124,399,125,410,125,418,131
183,159,137,120,105,93,78,57,82,79,79,89,106,210,138,163,188,210,233,256,282,135,305,146,326,154,347,167,365,175,167,126,89,68,49,34,23,12,21,45,68,107,163,251,241,290,330,357,371,383,392,124,399,125,410,125,418,131,429,135
137,120,105,93,78,57,82,79,79,89,106,210,138,163,188,210,233,256,282,135,305,146,326,154,347,167,365,175,381,183,89,68,49,34,23,12,21,45,68,107,163,251,241,290,330,357,371,383,392,124,399,125,410,125,418,131,429,135,445,142
105,93,78,57,82,79,79,89,106,210,138,163,188,210,233,256,282,135,305,146,326,154,347,167,365,175,381,183,393,191,49,34,23,12,21,45,68,107,163,251,241,290,330,357,371,383,392,124,399,125,410,125,418,131,429,135,445,142,461,152
78,57,82,79,79,89,106,210,138,163,188,210,233,256,282,135,305,146,326,154,347,167,365,175,381,183,393,191,401,196,23,12,21,45,68,107,163,251,241,290,330,357,371,383,392,124,399,125,410,125,418,131,429,135,445,142,461,152,480,159
82,79,79,89,106,210,138,163,188,210,233,256,282,135,305,146,326,154,347,167,365,175,381,183,393,191,401,196,198,408,21,45,68,107,163,251,241,290,330,357,371,383,392,124,399,125,410,125,418,131,429,135,445,142,461,152,480,159,166,507
79,89,106,210,138,163,188,210,233,256,282,135,305,146,326,154,347,167,365,175,381,183,393,191,401,196,198,408,197,411,68,107,163,251,241,290,330,357,371,383,392,124,399,125,410,125,418,131,429,135,445,142,461,152,480,159,166,507,168,524
106,210,138,163,188,210,233,256,282,135,305,146,326,154,347,167,365,175,381,183,393,191,401,196,198,408,197,411,410,204,163,251,241,290,330,357,371,383,392,124,399,125,410,125,418,131,429,135,445,142,461,152,480,159,166,507,168,524,544,181
138,163,188,210,233,256,282,135,305,146,326,154,347,167,365,175,381,183,393,191,401,196,198,408,197,411,410,204,402,205,241,290,330,357,371,383,392,124,399,125,410,125,418,131,429,135,445,142,461,152,480,159,166,507,168,524,544,181,562,193
188,210,233,256,282,135,305,146,326,154,347,167,365,175,381,183,393,191,401,196,198,408,197,411,410,204,402,205,390,202,330,357,371,383,392,124,399,125,410,125,418,131,429,135,445,142,461,152,480,159,166,507,168,524,544,181,562,193,586,198
233,256,282,135,305,146,326,154,347,167,365,175,381,183,393,191,401,196,198,408,197,411,410,204,402,205,390,202,199,370,371,383,392,124,399,125,410,125,418,131,429,135,445,142,461,152,480,159,166,507,168,524,544,181,562,193,586,198,212,612
282,135,305,146,326,154,347,167,365,175,381,183,393,191,401,196,198,408,197,411,410,204,402,205,390,202,199,370,344,190,392,124,399,125,410,125,418,131,429,135,445,142,461,152,480,159,166,507,168,524,544,181,562,193,586,198,212,612,627,216
305,146,326,154,347,167,365,175,381,183,393,191,401,196,198,408,197,411,410,204,402,205,390,202,199,370,344,190,316,179,399,125,410,125,418,131,429,135,445,142,461,152,480,159,166,507,168,524,544,181,562,193,586,198,212,612,627,216,633,224
326,154,347,167,365,175,381,183,393,191,401,196,198,408,197,411,410,204,402,205,390,202,199,370,344,190,316,179,288,163,410,125,418,131,429,135,445,142,461,152,480,159,166,507,168,524,544,181,562,193,586,198,212,612,627,216,633,224,633,230
347,167,365,175,381,183,393,191,401,196,198,408,197,411,410,204,402,205,390,202,199,370,344,190,316,179,288,163,262,146,418,131,429,135,445,142,461,152,480,159,166,507,168,524,544,181,562,193,586,198,212,612,627,216,633,224,633,230,627,224
365,175,381,183,393,191,401,196,198,408,197,411,410,204,402,205,390,202,199,370,344,190,316,179,288,163,262,146,235,135,429,135,445,142,461,152,480,159,166,507,168,524,544,181,562,193,586,198,212,612,627,216,633,224,633,230,627,224,624,239
381,183,393,191,401,196,198,408,197,411,410,204,402,205,390,202,199,370,344,190,316,179,288,163,262,146,235,135,219,111,445,142,461,152,480,159,166,507,168,524,544,181,562,193,586,198,212,612,627,216,633,224,633,230,627,224,624,239,607,208
393,191,401,196,198,408,197,411,410,204,402,205,390,202,199,370,344,190,316,179,288,163,262,146,235,135,219,111,203,113,461,152,480,159,166,507,168,524,544,181,562,193,586,198,212,612,627,216,633,224,633,230,627,224,624,239,607,208,589,237
401,196,198,408,197,411,410,204,402,205,390,202,199,370,344,190,316,179,288,163,262,146,235,135,219,111,203,113,190,103,480,159,166,507,168,524,544,181,562,193,586,198,212,612,627,216,633,224,633,230,627,224,624,239,607,208,589,237,577,225
198,408,197,411,410,204,402,205,390,202,199,370,344,190,316,179,288,163,262,146,235,135,219,111,203,113,190,103,185,103,166,507,168,524,544,181,562,193,586,198,212,612,627,216,633,224,633,230,627,224,624,239,607,208,589,237,577,225,559,231
197,411,410,204,402,205,390,202,199,370,344,190,316,179,288,163,262,146,235,135,219,111,203,113,190,103,185,103,184,98,168,524,544,181,562,193,586,198,212,612,627,216,633,224,633,230,627,224,624,239,607,208,589,237,577,225,559,231,535,210
410,204,402,205,390,202,199,370,344,190,316,179,288,163,262,146,235,135,219,111,203,113,190,103,185,103,184,98,186,97,544,181,562,193,586,198,212,612,627,216,633,224,633,230,627,224,624,239,607,208,589,237,577,225,559,231,535,210,514,200
402,205,390,202,199,370,344,190,316,179,288,163,262,146,235,135,219,111,203,113,190,103,185,103,184,98,186,97,191,102,562,193,586,198,212,612,627,216,633,224,633,230,627,224,624,239,607,208,589,237,577,225,559,231,535,210,514,200,499,197
390,202,199,370,344,190,316,179,288,163,262,146,235,135,219,111,203,113,190,103,185,103,184,98,186,97,191,102,201,103,586,198,212,612,627,216,633,224,633,230,627,224,624,239,607,208,589,237,577,225,559,231,535,210,514,200,499,197,481,187
199,370,344,190,316,179,288,163,262,146,235,135,219,111,203,113,190,103,185,103,184,98,186,97,191,102,201,103,213,108,212,612,627,216,633,224,633,230,627,224,624,239,607,208,589,237,577,225,559,231,535,210,514,200,499,197,481,187,473,177
344,190,316,179,288,163,262,146,235,135,219,111,203,113,190,103,185,103,184,98,186,97,191,102,201,103,213,108,224,237,627,216,633,224,633,230,627,224,624,239,607,208,589,237,577,225,559,231,535,210,514,200,499,197,481,187,473,177,465,456
316,179,288,163,262,146,235,135,219,111,203,113,190,103,185,103,184,98,186,97,191,102,201,103,213,108,224,237,253,269,633,224,633,230,627,224,624,239,607,208,589,237,577,225,559,231,535,210,514,200,499,197,481,187,473,177,465,456,453,453
288,163,262,146,235,135,219,111,203,113,190,103,185,103,184,98,186,97,191,102,201,103,213,108,224,237,253,269,288,145,633,230,627,224,624,239,607,208,589,237,577,225,559,231,535,210,514,200,499,197,481,187,473,177,465,456,453,453,449,151
262,146,235,135,219,111,203,113,190,103,185,103,184,98,186,97,191,102,201,103,213,108,224,237,253,269,288,145,153,306,627,224,624,239,607,208,589,237,577,225,559,231,535,210,514,200,499,197,481,187,473,177,465,456,453,453,449,151,152,452
235,135,219,111,203,113,190,103,185,103,184,98,186,97,191,102,201,103,213,108,224,237,253,269,288,145,153,306,162,171,624,239,607,208,589,237,577,225,559,231,535,210,514,200,499,197,481,187,473,177,465,456,453,453,449,151,152,452,153,154
219,111,203,113,190,103,185,103,184,98,186,97,191,102,201,103,213,108,224,237,253,269,288,145,153,306,162,171,180,192,607,208,589,237,577,225,559,231,535,210,514,200,499,197,481,187,473,177,465,456,453,453,449,151,152,452,153,154,161,170
203,113,190,103,185,103,184,98,186,97,191,102,201,103,213,108,224,237,253,269,288,145,153,306,162,171,180,192,199,201,589,237,577,225,559,231,535,210,514,200,499,197,481,187,473,177,465,456,453,453,449,151,152,452,153,154,161,170,182,188
190,103,185,103,184,98,186,97,191,102,201,103,213,108,224,237,253,269,288,145,153,306,162,171,180,192,199,201,387,197,577,225,559,231,535,210,514,200,499,197,481,187,473,177,465,456,453,453,449,151,152,452,153,154,161,170,182,188,580,188
185,103,184,98,186,97,191,102,201,103,213,108,224,237,253,269,288,145,153,306,162,171,180,192,199,201,387,197,374,192,559,231,535,210,514,200,499,197,481,187,473,177,465,456,453,453,449,151,152,452,153,154,161,170,182,188,580,188,607,198
184,98,186,97,191,102,201,103,213,108,224,237,253,269,288,145,153,306,162,171,180,192,199,201,387,197,374,192,191,354,535,210,514,200,499,197,481,187,473,177,465,456,453,453,449,151,152,452,153,154,161,170,182,188,580,188,607,198,222,635
186,97,191,102,201,103,213,108,224,237,253,269,288,145,153,306,162,171,180,192,199,201,387,197,374,192,191,354,325,172,514,200,499,197,481,187,473,177,465,456,453,453,449,151,152,452,153,154,161,170,182,188,580,188,607,198,222,635,650,212
191,102,201,103,213,108,224,237,253,269,288,145,153,306,162,171,180,192,199,201,387,197,374,192,191,354,325,172,297,161,499,197,481,187,473,177,465,456,453,453,449,151,152,452,153,154,161,170,182,188,580,188,607,198,222,635,650,212,659,223
201,103,213,108,224,237,253,269,288,145,153,306,162,171,180,192,199,201,387,197,374,192,191,354,325,172,297,161,265,143,481,187,473,177,465,456,453,453,449,151,152,452,153,154,161,170,182,188,580,188,607,198,222,635,650,212,659,223,659,232
213,108,224,237,253,269,288,145,153,306,162,171,180,192,199,201,387,197,374,192,191,354,325,172,297,161,265,143,243,130,473,177,465,456,453,453,449,151,152,452,153,154,161,170,182,188,580,188,607,198,222,635,650,212,659,223,659,232,649,264
224,237,253,269,288,145,153,306,162,171,180,192,199,201,387,197,374,192,191,354,325,172,297,161,265,143,243,130,212,113,465,456,453,453,449,151,152,452,153,154,161,170,182,188,580,188,607,198,222,635,650,212,659,223,659,232,649,264,643,258
253,269,288,145,153,306,162,171,180,192,199,201,387,197,374,192,191,354,325,172,297,161,265,143,243,130,212,113,193,100,453,453,449,151,152,452,153,154,161,170,182,188,580,188,607,198,222,635,650,212,659,223,659,232,649,264,643,258,625,253
288,145,153,306,162,171,180,192,199,201,387,197,374,192,191,354,325,172,297,161,265,143,243,130,212,113,193,100,176,93,449,151,152,452,153,154,161,170,182,188,580,188,607,198,222,635,650,212,659,223,659,232,649,264,643,258,625,253,606,253
153,306,162,171,180,192,199,201,387,197,374,192,191,354,325,172,297,161,265,143,243,130,212,113,193,100,176,93,163,83,152,452,153,154,161,170,182,188,580,188,607,198,222,635,650,212,659,223,659,232,649,264,643,258,625,253,606,253,585,234
162,171,180,192,199,201,387,197,374,192,191,354,325,172,297,161,265,143,243,130,212,113,193,100,176,93,163,83,152,79,153,154,161,170,182,188,580,188,607,198,222,635,650,212,659,223,659,232,649,264,643,258,625,253,606,253,585,234,564,232
180,192,199,201,387,197,374,192,191,354,325,172,297,161,265,143,243,130,212,113,193,100,176,93,163,83,152,79,148,73,161,170,182,188,580,188,607,198,222,635,650,212,659,223,659,232,649,264,643,258,625,253,606,253,585,234,564,232,544,213
199,201,387,197,374,192,191,354,325,172,297,161,265,143,243,130,212,113,193,100,176,93,163,83,152,79,148,73,147,75,182,188,580,188,607,198,222,635,650,212,659,223,659,232,649,264,643,258,625,253,606,253,585,234,564,232,544,213,524,218
387,197,374,192,191,354,325,172,297,161,265,143,243,130,212,113,193,100,176,93,163,83,152,79,148,73,147,75,148,75,580,188,607,198,222,635,650,212,659,223,659,232,649,264,643,258,625,253,606,253,585,234,564,232,544,213,524,218,504,195
374,192,191,354,325,172,297,161,265,143,243,130,212,113,193,100,176,93,163,83,152,79,148,73,147,75,148,75,149,79,607,198,222,635,650,212,659,223,659,232,649,264,643,258,625,253,606,253,585,234,564,232,544,213,524,218,504,195,487,189
191,354,325,172,297,161,265,143,243,130,212,113,193,100,176,93,163,83,152,79,148,73,147,75,148,75,149,79,159,85,222,635,650,212,659,223,659,232,649,264,643,258,625,253,606,253,585,234,564,232,544,213,524,218,504,195,487,189,467,170
325,172,297,161,265,143,243,130,212,113,193,100,176,93,163,83,152,79,148,73,147,75,148,75,149,79,159,85,178,91,650,212,659,223,659,232,649,264,643,258,625,253,606,253,585,234,564,232,544,213,524,218,504,195,487,189,467,170,450,155
297,161,265,143,243,130,212,113,193,100,176,93,163,83,152,79,148,73,147,75,148,75,149,79,159,85,178,91,199,199,659,223,659,232,649,264,643,258,625,253,606,253,585,234,564,232,544,213,524,218,504,195,487,189,467,170,450,155,438,438
265,143,243,130,212,113,193,100,176,93,163,83,152,79,148,73,147,75,148,75,149,79,159,85,178,91,199,199,218,238,659,232,649,264,643,258,625,253,606,253,585,234,564,232,544,213,524,218,504,195,487,189,467,170,450,155,438,438,433,421
243,130,212,113,193,100,176,93,163,83,152,79,148,73,147,75,148,75,149,79,159,85,178,91,199,199,218,238,266,290,649,264,643,258,625,253,606,253,585,234,564,232,544,213,524,218,504,195,487,189,467,170,450,155,438,438,433,421,413,412
212,113,193,100,176,93,163,83,152,79,148,73,147,75,148,75,149,79,159,85,178,91,199,199,218,238,266,290,311,331,643,258,625,253,606,253,585,234,564,232,544,213,524,218,504,195,487,189,467,170,450,155,438,438,433,421,413,412,415,426
193,100,176,93,163,83,152,79,148,73,147,75,148,75,149,79,159,85,178,91,199,199,218,238,266,290,311,331,340,187,625,253,606,253,585,234,564,232,544,213,524,218,504,195,487,189,467,170,450,155,438,438,433,421,413,412,415,426,450,144
176,93,163,83,152,79,148,73,147,75,148,75,149,79,159,85,178,91,199,199,218,238,266,290,311,331,340,187,188,188,606,253,585,234,564,232,544,213,524,218,504,195,487,189,467,170,450,155,438,438,433,421,413,412,415,426,450,144,143,151
163,83,152,79,148,73,147,75,148,75,149,79,159,85,178,91,199,199,218,238,266,290,311,331,340,187,188,188,190,187,585,234,564,232,544,213,524,218,504,195,487,189,467,170,450,155,438,438,433,421,413,412,415,426,450,144,143,151,167,179
152,79,148,73,147,75,148,75,149,79,159,85,178,91,199,199,218,238,266,290,311,331,340,187,188,188,190,187,332,179,564,232,544,213,524,218,504,195,487,189,467,170,450,155,438,438,433,421,413,412,415,426,450,144,143,151,167,179,547,188
148,73,147,75,148,75,149,79,159,85,178,91,199,199,218,238,266,290,311,331,340,187,188,188,190,187,332,179,320,169,544,213,524,218,504,195,487,189,467,170,450,155,438,438,433,421,413,412,415,426,450,144,143,151,167,179,547,188,573,195
147,75,148,75,149,79,159,85,178,91,199,199,218,238,266,290,311,331,340,187,188,188,190,187,332,179,320,169,302,277,524,218,504,195,487,189,467,170,450,155,438,438,433,421,413,412,415,426,450,144,143,151,167,179,547,188,573,195,593,611
148,75,149,79,159,85,178,91,199,199,218,238,266,290,311,331,340,187,188,188,190,187,332,179,320,169,302,277,154,252,504,195,487,189,467,170,450,155,438,438,433,421,413,412,415,426,450,144,143,151,167,179,547,188,573,195,593,611,204,620
149,79,159,85,178,91,199,199,218,238,266,290,311,331,340,187,188,188,190,187,332,179,320,169,302,277,154,252,143,226,487,189,467,170,450,155,438,438,433,421,413,412,415,426,450,144,143,151,167,179,547,188,573,195,593,611,204,620,214,618
159,85,178,91,199,199,218,238,266,290,311,331,340,187,188,188,190,187,332,179,320,169,302,277,154,252,143,226,128,203,467,170,450,155,438,438,433,421,413,412,415,426,450,144,143,151,167,179,547,188,573,195,593,611,204,620,214,618,222,612
178,91,199,199,218,238,266,290,311,331,340,187,188,188,190,187,332,179,320,169,302,277,154,252,143,226,128,203,113,180,450,155,438,438,433,421,413,412,415,426,450,144,143,151,167,179,547,188,573,195,593,611,204,620,214,618,222,612,218,599
199,199,218,238,266,290,311,331,340,187,188,188,190,187,332,179,320,169,302,277,154,252,143,226,128,203,113,180,99,160,438,438,433,421,413,412,415,426,450,144,143,151,167,179,547,188,573,195,593,611,204,620,214,618,222,612,218,599,215,585
218,238,266,290,311,331,340,187,188,188,190,187,332,179,320,169,302,277,154,252,143,226,128,203,113,180,99,160,96,147,433,421,413,412,415,426,450,144,143,151,167,179,547,188,573,195,593,611,204,620,214,618,222,612,218,599,215,585,226,569
266,290,311,331,340,187,188,188,190,187,332,179,320,169,302,277,154,252,143,226,128,203,113,180,99,160,96,147,94,136,413,412,415,426,450,144,143,151,167,179,547,188,573,195,593,611,204,620,214,618,222,612,218,599,215,585,226,569,238,548
311,331,340,187,188,188,190,187,332,179,320,169,302,277,154,252,143,226,128,203,113,180,99,160,96,147,94,136,84,129,415,426,450,144,143,151,167,179,547,188,573,195,593,611,204,620,214,618,222,612,218,599,215,585,226,569,238,548,216,530
340,187,188,188,190,187,332,179,320,169,302,277,154,252,143,226,128,203,113,180,99,160,96,147,94,136,84,129,82,127,450,144,143,151,167,179,547,188,573,195,593,611,204,620,214,618,222,612,218,599,215,585,226,569,238,548,216,530,211,510
188,188,190,187,332,179,320,169,302,277,154,252,143,226,128,203,113,180,99,160,96,147,94,136,84,129,82,127,81,133,143,151,167,179,547,188,573,195,593,611,204,620,214,618,222,612,218,599,215,585,226,569,238,548,216,530,211,510,200,489
190,187,332,179,320,169,302,277,154,252,143,226,128,203,113,180,99,160,96,147,94,136,84,129,82,127,81,133,81,145,167,179,547,188,573,195,593,611,204,620,214,618,222,612,218,599,215,585,226,569,238,548,216,530,211,510,200,489,178,468
332,179,320,169,302,277,154,252,143,226,128,203,113,180,99,160,96,147,94,136,84,129,82,127,81,133,81,145,85,160,547,188,573,195,593,611,204,620,214,618,222,612,218,599,215,585,226,569,238,548,216,530,211,510,200,489,178,468,174,453
320,169,302,277,154,252,143,226,128,203,113,180,99,160,96,147,94,136,84,129,82,127,81,133,81,145,85,160,93,178,573,195,593,611,204,620,214,618,222,612,218,599,215,585,226,569,238,548,216,530,211,510,200,489,178,468,174,453,171,443
302,277,154,252,143,226,128,203,113,180,99,160,96,147,94,136,84,129,82,127,81,133,81,145,85,160,93,178,201,220,593,611,204,620,214,618,222,612,218,599,215,585,226,569,238,548,216,530,211,510,200,489,178,468,174,453,171,443,436,428
154,252,143,226,128,203,113,180,99,160,96,147,94,136,84,129,82,127,81,133,81,145,85,160,93,178,201,220,242,270,204,620,214,618,222,612,218,599,215,585,226,569,238,548,216,530,211,510,200,489,178,468,174,453,171,443,436,428,420,419
143,226,128,203,113,180,99,160,96,147,94,136,84,129,82,127,81,133,81,145,85,160,93,178,201,220,242,270,151,293,214,618,222,612,218,599,215,585,226,569,238,548,216,530,211,510,200,489,178,468,174,453,171,443,436,428,420,419,139,422
128,203,113,180,99,160,96,147,94,136,84,129,82,127,81,133,81,145,85,160,93,178,201,220,242,270,151,293,316,338,222,612,218,599,215,585,226,569,238,548,216,530,211,510,200,489,178,468,174,453,171,443,436,428,420,419,139,422,421,432
113,180,99,160,96,147,94,136,84,129,82,127,81,133,81,145,85,160,93,178,201,220,242,270,151,293,316,338,359,199,218,599,215,585,226,569,238,548,216,530,211,510,200,489,178,468,174,453,171,443,436,428,420,419,139,422,421,432,443,143
99,160,96,147,94,136,84,129,82,127,81,133,81,145,85,160,93,178,201,220,242,270,151,293,316,338,359,199,380,394,215,585,226,569,238,548,216,530,211,510,200,489,178,468,174,453,171,443,436,428,420,419,139,422,421,432,443,143,457,476
96,147,94,136,84,129,82,127,81,133,81,145,85,160,93,178,201,220,242,270,151,293,316,338,359,199,380,394,216,406,226,569,238,548,216,530,211,510,200,489,178,468,174,453,171,443,436,428,420,419,139,422,421,432,443,143,457,476,150,493
94,136,84,129,82,127,81,133,81,145,85,160,93,178,201,220,242,270,151,293,316,338,359,199,380,394,216,406,228,414,238,548,216,530,211,510,200,489,178,468,174,453,171,443,436,428,420,419,139,422,421,432,443,143,457,476,150,493,166,515
84,129,82,127,81,133,81,145,85,160,93,178,201,220,242,270,151,293,316,338,359,199,380,394,216,406,228,414,232,232,216,530,211,510,200,489,178,468,174,453,171,443,436,428,420,419,139,422,421,432,443,143,457,476,150,493,166,515,172,176
82,127,81,133,81,145,85,160,93,178,201,220,242,270,151,293,316,338,359,199,380,394,216,406,228,414,232,232,405,239,211,510,200,489,178,468,174,453,171,443,436,428,420,419,139,422,421,432,443,143,457,476,150,493,166,515,172,176,560,200
81,133,81,145,85,160,93,178,201,220,242,270,151,293,316,338,359,199,380,394,216,406,228,414,232,232,405,239,394,237,200,489,178,468,174,453,171,443,436,428,420,419,139,422,421,432,443,143,457,476,150,493,166,515,172,176,560,200,591,215
81,145,85,160,93,178,201,220,242,270,151,293,316,338,359,199,380,394,216,406,228,414,232,232,405,239,394,237,225,370,178,468,174,453,171,443,436,428,420,419,139,422,421,432,443,143,457,476,150,493,166,515,172,176,560,200,591,215,215,605
85,160,93,178,201,220,242,270,151,293,316,338,359,199,380,394,216,406,228,414,232,232,405,239,394,237,225,370,343,209,174,453,171,443,436,428,420,419,139,422,421,432,443,143,457,476,150,493,166,515,172,176,560,200,591,215,215,605,616,215
93,178,201,220,242,270,151,293,316,338,359,199,380,394,216,406,228,414,232,232,405,239,394,237,225,370,343,209,307,196,171,443,436,428,420,419,139,422,421,432,443,143,457,476,150,493,166,515,172,176,560,200,591,215,215,605,616,215,631,232
201,220,242,270,151,293,316,338,359,199,380,394,216,406,228,414,232,232,405,239,394,237,225,370,343,209,307,196,277,168,436,428,420,419,139,422,421,432,443,143,457,476,150,493,166,515,172,176,560,200,591,215,215,605,616,215,631,232,630,213
242,270,151,293,316,338,359,199,380,394,216,406,228,414,232,232,405,239,394,237,225,370,343,209,307,196,277,168,240,151,420,419,139,422,421,432,443,143,457,476,150,493,166,515,172,176,560,200,591,215,215,605,616,215,631,232,630,213,630,216
151,293,316,338,359,199,380,394,216,406,228,414,232,232,405,239,394,237,225,370,343,209,307,196,277,168,240,151,217,132,139,422,421,432,443,143,457,476,150,493,166,515,172,176,560,200,591,215,215,605,616,215,631,232,630,213,630,216,610,217
316,338,359,199,380,394,216,406,228,414,232,232,405,239,394,237,225,370,343,209,307,196,277,168,240,151,217,132,190,121,421,432,443,143,457,476,150,493,166,515,172,176,560,200,591,215,215,605,616,215,631,232,630,213,630,216,610,217,598,230
359,199,380,394,216,406,228,414,232,232,405,239,394,237,225,370,343,209,307,196,277,168,240,151,217,132,190,121,173,108,443,143,457,476,150,493,166,515,172,176,560,200,591,215,215,605,616,215,631,232,630,213,630,216,610,217,598,230,578,216
380,394,216,406,228,414,232,232,405,239,394,237,225,370,343,209,307,196,277,168,240,151,217,132,190,121,173,108,156,106,457,476,150,493,166,515,172,176,560,200,591,215,215,605,616,215,631,232,630,213,630,216,610,217,598,230,578,216,559,223
216,406,228,414,232,232,405,239,394,237,225,370,343,209,307,196,277,168,240,151,217,132,190,121,173,108,156,106,155,101,150,493,166,515,172,176,560,200,591,215,215,605,616,215,631,232,630,213,630,216,610,217,598,230,578,216,559,223,535,209
228,414,232,232,405,239,394,237,225,370,343,209,307,196,277,168,240,151,217,132,190,121,173,108,156,106,155,101,156,101,166,515,172,176,560,200,591,215,215,605,616,215,631,232,630,213,630,216,610,217,598,230,578,216,559,223,535,209,510,199
232,232,405,239,394,237,225,370,343,209,307,196,277,168,240,151,217,132,190,121,173,108,156,106,155,101,156,101,164,104,172,176,560,200,591,215,215,605,616,215,631,232,630,213,630,216,610,217,598,230,578,216,559,223,535,209,510,199,486,185
405,239,394,237,225,370,343,209,307,196,277,168,240,151,217,132,190,121,173,108,156,106,155,101,156,101,164,104,173,109,560,200,591,215,215,605,616,215,631,232,630,213,630,216,610,217,598,230,578,216,559,223,535,209,510,199,486,185,468,163
394,237,225,370,343,209,307,196,277,168,240,151,217,132,190,121,173,108,156,106,155,101,156,101,164,104,173,109,188,205,591,215,215,605,616,215,631,232,630,213,630,216,610,217,598,230,578,216,559,223,535,209,510,199,486,185,468,163,448,431
225,370,343,209,307,196,277,168,240,151,217,132,190,121,173,108,156,106,155,101,156,101,164,104,173,109,188,205,225,244,215,605,616,215,631,232,630,213,630,216,610,217,598,230,578,216,559,223,535,209,510,199,486,185,468,163,448,431,415,402
343,209,307,196,277,168,240,151,217,132,190,121,173,108,156,106,155,101,156,101,164,104,173,109,188,205,225,244,268,291,616,215,631,232,630,213,630,216,610,217,598,230,578,216,559,223,535,209,510,199,486,185,468,163,448,431,415,402,393,382
307,196,277,168,240,151,217,132,190,121,173,108,156,106,155,101,156,101,164,104,173,109,188,205,225,244,268,291,306,318,631,232,630,213,630,216,610,217,598,230,578,216,559,223,535,209,510,199,486,185,468,163,448,431,415,402,393,382,374,372
277,168,240,151,217,132,190,121,173,108,156,106,155,101,156,101,164,104,173,109,188,205,225,244,268,291,306,318,322,317,630,213,630,216,610,217,598,230,578,216,559,223,535,209,510,199,486,185,468,163,448,431,415,402,393,382,374,372,372,375
240,151,217,132,190,121,173,108,156,106,155,101,156,101,164,104,173,109,188,205,225,244,268,291,306,318,322,317,305,282,630,216,610,217,598,230,578,216,559,223,535,209,510,199,486,185,468,163,448,431,415,402,393,382,374,372,372,375,386,401
217,132,190,121,173,108,156,106,155,101,156,101,164,104,173,109,188,205,225,244,268,291,306,318,322,317,305,282,256,234,610,217,598,230,578,216,559,223,535,209,510,199,486,185,468,163,448,431,415,402,393,382,374,372,372,375,386,401,421,443
190,121,173,108,156,106,155,101,156,101,164,104,173,109,188,205,225,244,268,291,306,318,322,317,305,282,256,234,211,197,598,230,578,216,559,223,535,209,510,199,486,185,468,163,448,431,415,402,393,382,374,372,372,375,386,401,421,443,472,499
173,108,156,106,155,101,156,101,164,104,173,109,188,205,225,244,268,291,306,318,322,317,305,282,256,234,211,197,192,144,578,216,559,223,535,209,510,199,486,185,468,163,448,431,415,402,393,382,374,372,372,375,386,401,421,443,472,499,530,190
156,106,155,101,156,101,164,104,173,109,188,205,225,244,268,291,306,318,322,317,305,282,256,234,211,197,192,144,194,143,559,223,535,209,510,199,486,185,468,163,448,431,415,402,393,382,374,372,372,375,386,401,421,443,472,499,530,190,558,214
155,101,156,101,164,104,173,109,188,205,225,244,268,291,306,318,322,317,305,282,256,234,211,197,192,144,194,143,207,145,535,209,510,199,486,185,468,163,448,431,415,402,393,382,374,372,372,375,386,401,421,443,472,499,530,190,558,214,587,234
156,101,164,104,173,109,188,205,225,244,268,291,306,318,322,317,305,282,256,234,211,197,192,144,194,143,207,145,222,136,510,199,486,185,468,163,448,431,415,402,393,382,374,372,372,375,386,401,421,443,472,499,530,190,558,214,587,234,611,206
164,104,173,109,188,205,225,244,268,291,306,318,322,317,305,282,256,234,211,197,192,144,194,143,207,145,222,136,248,147,486,185,468,163,448,431,415,402,393,382,374,372,372,375,386,401,421,443,472,499,530,190,558,214,587,234,611,206,628,218
173,109,188,205,225,244,268,291,306,318,322,317,305,282,256,234,211,197,192,144,194,143,207,145,222,136,248,147,272,159,468,163,448,431,415,402,393,382,374,372,372,375,386,401,421,443,472,499,530,190,558,214,587,234,611,206,628,218,643,215
188,205,225,244,268,291,306,318,322,317,305,282,256,234,211,197,192,144,194,143,207,145,222,136,248,147,272,159,182,302,448,431,415,402,393,382,374,372,372,375,386,401,421,443,472,499,530,190,558,214,587,234,611,206,628,218,643,215,235,649
225,244,268,291,306,318,322,317,305,282,256,234,211,197,192,144,194,143,207,145,222,136,248,147,272,159,182,302,334,202,415,402,393,382,374,372,372,375,386,401,421,443,472,499,530,190,558,214,587,234,611,206,628,218,643,215,235,649,645,242
268,291,306,318,322,317,305,282,256,234,211,197,192,144,194,143,207,145,222,136,248,147,272,159,182,302,334,202,364,210,393,382,374,372,372,375,386,401,421,443,472,499,530,190,558,214,587,234,611,206,628,218,643,215,235,649,645,242,635,215
306,318,322,317,305,282,256,234,211,197,192,144,194,143,207,145,222,136,248,147,272,159,182,302,334,202,364,210,393,226,374,372,372,375,386,401,421,443,472,499,530,190,558,214,587,234,611,206,628,218,643,215,235,649,645,242,635,215,615,209
322,317,305,282,256,234,211,197,192,144,194,143,207,145,222,136,248,147,272,159,182,302,334,202,364,210,393,226,414,248,372,375,386,401,421,443,472,499,530,190,558,214,587,234,611,206,628,218,643,215,235,649,645,242,635,215,615,209,584,220
305,282,256,234,211,197,192,144,194,143,207,145,222,136,248,147,272,159,182,302,334,202,364,210,393,226,414,248,428,251,386,401,421,443,472,499,530,190,558,214,587,234,611,206,628,218,643,215,235,649,645,242,635,215,615,209,584,220,557,191
256,234,211,197,192,144,194,143,207,145,222,136,248,147,272,159,182,302,334,202,364,210,393,226,414,248,428,251,436,261,421,443,472,499,530,190,558,214,587,234,611,206,628,218,643,215,235,649,645,242,635,215,615,209,584,220,557,191,525,186
211,197,192,144,194,143,207,145,222,136,248,147,272,159,182,302,334,202,364,210,393,226,414,248,428,251,436,261,436,259,472,499,530,190,558,214,587,234,611,206,628,218,643,215,235,649,645,242,635,215,615,209,584,220,557,191,525,186,498,168
192,144,194,143,207,145,222,136,248,147,272,159,182,302,334,202,364,210,393,226,414,248,428,251,436,261,436,259,428,260,530,190,558,214,587,234,611,206,628,218,643,215,235,649,645,242,635,215,615,209,584,220,557,191,525,186,498,168,482,162
194,143,207,145,222,136,248,147,272,159,182,302,334,202,364,210,393,226,414,248,428,251,436,261,436,259,428,260,414,393,558,214,587,234,611,206,628,218,643,215,235,649,645,242,635,215,615,209,584,220,557,191,525,186,498,168,482,162,466,452
207,145,222,136,248,147,272,159,182,302,334,202,364,210,393,226,414,248,428,251,436,261,436,259,428,260,414,393,367,339,587,234,611,206,628,218,643,215,235,649,645,242,635,215,615,209,584,220,557,191,525,186,498,168,482,162,466,452,439,436
222,136,248,147,272,159,182,302,334,202,364,210,393,226,414,248,428,251,436,261,436,259,428,260,414,393,367,339,225,315,611,206,628,218,643,215,235,649,645,242,635,215,615,209,584,220,557,191,525,186,498,168,482,162,466,452,439,436,147,433
248,147,272,159,182,302,334,202,364,210,393,226,414,248,428,251,436,261,436,259,428,260,414,393,367,339,225,315,288,264,628,218,643,215,235,649,645,242,635,215,615,209,584,220,557,191,525,186,498,168,482,162,466,452,439,436,147,433,435,445
272,159,182,302,334,202,364,210,393,226,414,248,428,251,436,261,436,259,428,260,414,393,367,339,225,315,288,264,238,215,643,215,235,649,645,242,635,215,615,209,584,220,557,191,525,186,498,168,482,162,466,452,439,436,147,433,435,445,456,472
182,302,334,202,364,210,393,226,414,248,428,251,436,261,436,259,428,260,414,393,367,339,225,315,288,264,238,215,152,197,235,649,645,242,635,215,615,209,584,220,557,191,525,186,498,168,482,162,466,452,439,436,147,433,435,445,456,472,168,495
334,202,364,210,393,226,414,248,428,251,436,261,436,259,428,260,414,393,367,339,225,315,288,264,238,215,152,197,137,180,645,242,635,215,615,209,584,220,557,191,525,186,498,168,482,162,466,452,439,436,147,433,435,445,456,472,168,495,169,511
364,210,393,226,414,248,428,251,436,261,436,259,428,260,414,393,367,339,225,315,288,264,238,215,152,197,137,180,128,171,635,215,615,209,584,220,557,191,525,186,498,168,482,162,466,452,439,436,147,433,435,445,456,472,168,495,169,511,178,538
393,226,414,248,428,251,436,261,436,259,428,260,414,393,367,339,225,315,288,264,238,215,152,197,137,180,128,171,120,171,615,209,584,220,557,191,525,186,498,168,482,162,466,452,439,436,147,433,435,445,456,472,168,495,169,511,178,538,189,566
414,248,428,251,436,261,436,259,428,260,414,393,367,339,225,315,288,264,238,215,152,197,137,180,128,171,120,171,114,178,584,220,557,191,525,186,498,168,482,162,466,452,439,436,147,433,435,445,456,472,168,495,169,511,178,538,189,566,195,591
428,251,436,261,436,259,428,260,414,393,367,339,225,315,288,264,238,215,152,197,137,180,128,171,120,171,114,178,114,196,557,191,525,186,498,168,482,162,466,452,439,436,147,433,435,445,456,472,168,495,169,511,178,538,189,566,195,591,206,607
436,261,436,259,428,260,414,393,367,339,225,315,288,264,238,215,152,197,137,180,128,171,120,171,114,178,114,196,116,218,525,186,498,168,482,162,466,452,439,436,147,433,435,445,456,472,168,495,169,511,178,538,189,566,195,591,206,607,207,629
436,259,428,260,414,393,367,339,225,315,288,264,238,215,152,197,137,180,128,171,120,171,114,178,114,196,116,218,131,245,498,168,482,162,466,452,439,436,147,433,435,445,456,472,168,495,169,511,178,538,189,566,195,591,206,607,207,629,238,630
428,260,414,393,367,339,225,315,288,264,238,215,152,197,137,180,128,171,120,171,114,178,114,196,116,218,131,245,141,274,482,162,466,452,439,436,147,433,435,445,456,472,168,495,169,511,178,538,189,566,195,591,206,607,207,629,238,630,232,638
414,393,367,339,225,315,288,264,238,215,152,197,137,180,128,171,120,171,114,178,114,196,116,218,131,245,141,274,149,303,466,452,439,436,147,433,435,445,456,472,168,495,169,511,178,538,189,566,195,591,206,607,207,629,238,630,232,638,216,634
367,339,225,315,288,264,238,215,152,197,137,180,128,171,120,171,114,178,114,196,116,218,131,245,141,274,149,303,165,330,439,436,147,433,435,445,456,472,168,495,169,511,178,538,189,566,195,591,206,607,207,629,238,630,232,638,216,634,211,622
225,315,288,264,238,215,152,197,137,180,128,171,120,171,114,178,114,196,116,218,131,245,141,274,149,303,165,330,182,357,147,433,435,445,456,472,168,495,169,511,178,538,189,566,195,591,206,607,207,629,238,630,232,638,216,634,211,622,206,610
288,264,238,215,152,197,137,180,128,171,120,171,114,178,114,196,116,218,131,245,141,274,149,303,165,330,182,357,205,216,435,445,456,472,168,495,169,511,178,538,189,566,195,591,206,607,207,629,238,630,232,638,216,634,211,622,206,610,219,206
238,215,152,197,137,180,128,171,120,171,114,178,114,196,116,218,131,245,141,274,149,303,165,330,182,357,205,216,376,391,456,472,168,495,169,511,178,538,189,566,195,591,206,607,207,629,238,630,232,638,216,634,211,622,206,610,219,206,589,557
152,197,137,180,128,171,120,171,114,178,114,196,116,218,131,245,141,274,149,303,165,330,182,357,205,216,376,391,229,235,168,495,169,511,178,538,189,566,195,591,206,607,207,629,238,630,232,638,216,634,211,622,206,610,219,206,589,557,200,182
137,180,128,171,120,171,114,178,114,196,116,218,131,245,141,274,149,303,165,330,182,357,205,216,376,391,229,235,398,241,169,511,178,538,189,566,195,591,206,607,207,629,238,630,232,638,216,634,211,622,206,610,219,206,589,557,200,182,515,173
128,171,120,171,114,178,114,196,116,218,131,245,141,274,149,303,165,330,182,357,205,216,376,391,229,235,398,241,395,248,178,538,189,566,195,591,206,607,207,629,238,630,232,638,216,634,211,622,206,610,219,206,589,557,200,182,515,173,491,170
120,171,114,178,114,196,116,218,131,245,141,274,149,303,165,330,182,357,205,216,376,391,229,235,398,241,395,248,390,374,189,566,195,591,206,607,207,629,238,630,232,638,216,634,211,622,206,610,219,206,589,557,200,182,515,173,491,170,467,446
114,178,114,196,116,218,131,245,141,274,149,303,165,330,182,357,205,216,376,391,229,235,398,241,395,248,390,374,349,324,195,591,206,607,207,629,238,630,232,638,216,634,211,622,206,610,219,206,589,557,200,182,515,173,491,170,467,446,429,412
114,196,116,218,131,245,141,274,149,303,165,330,182,357,205,216,376,391,229,235,398,241,395,248,390,374,349,324,296,266,206,607,207,629,238,630,232,638,216,634,211,622,206,610,219,206,589,557,200,182,515,173,491,170,467,446,429,412,408,407
116,218,131,245,141,274,149,303,165,330,182,357,205,216,376,391,229,235,398,241,395,248,390,374,349,324,296,266,234,234,207,629,238,630,232,638,216,634,211,622,206,610,219,206,589,557,200,182,515,173,491,170,467,446,429,412,408,407,389,389
131,245,141,274,149,303,165,330,182,357,205,216,376,391,229,235,398,241,395,248,390,374,349,324,296,266,234,234,208,173,238,630,232,638,216,634,211,622,206,610,219,206,589,557,200,182,515,173,491,170,467,446,429,412,408,407,389,389,376,369
141,274,149,303,165,330,182,357,205,216,376,391,229,235,398,241,395,248,390,374,349,324,296,266,234,234,208,173,140,109,232,638,216,634,211,622,206,610,219,206,589,557,200,182,515,173,491,170,467,446,429,412,408,407,389,389,376,369,341,320
149,303,165,330,182,357,205,216,376,391,229,235,398,241,395,248,390,374,349,324,296,266,234,234,208,173,140,109,84,60,216,634,211,622,206,610,219,206,589,557,200,182,515,173,491,170,467,446,429,412,408,407,389,389,376,369,341,320,290,260
165,330,182,357,205,216,376,391,229,235,398,241,395,248,390,374,349,324,296,266,234,234,208,173,140,109,84,60,49,56,211,622,206,610,219,206,589,557,200,182,515,173,491,170,467,446,429,412,408,407,389,389,376,369,341,320,290,260,227,59
182,357,205,216,376,391,229,235,398,241,395,248,390,374,349,324,296,266,234,234,208,173,140,109,84,60,49,56,41,46,206,610,219,206,589,557,200,182,515,173,491,170,467,446,429,412,408,407,389,389,376,369,341,320,290,260,227,59,162,49
205,216,376,391,229,235,398,241,395,248,390,374,349,324,296,266,234,234,208,173,140,109,84,60,49,56,41,46,39,41,219,206,589,557,200,182,515,173,491,170,467,446,429,412,408,407,389,389,376,369,341,320,290,260,227,59,162,49,172,40
376,391,229,235,398,241,395,248,390,374,349,324,296,266,234,234,208,173,140,109,84,60,49,56,41,46,39,41,35,33,589,557,200,182,515,173,491,170,467,446,429,412,408,407,389,389,376,369,341,320,290,260,227,59,162,49,172,40,148,106
229,235,398,241,395,248,390,374,349,324,296,266,234,234,208,173,140,109,84,60,49,56,41,46,39,41,35,33,30,24,200,182,515,173,491,170,467,446,429,412,408,407,389,389,376,369,341,320,290,260,227,59,162,49,172,40,148,106,91,77
398,241,395,248,390,374,349,324,296,266,234,234,208,173,140,109,84,60,49,56,41,46,39,41,35,33,30,24,21,14,515,173,491,170,467,446,429,412,408,407,389,389,376,369,341,320,290,260,227,59,162,49,172,40,148,106,91,77,69,60
395,248,390,374,349,324,296,266,234,234,208,173,140,109,84,60,49,56,41,46,39,41,35,33,30,24,21,14,7,8,491,170,467,446,429,412,408,407,389,389,376,369,341,320,290,260,227,59,162,49,172,40,148,106,91,77,69,60,43,11
390,374,349,324,296,266,234,234,208,173,140,109,84,60,49,56,41,46,39,41,35,33,30,24,21,14,7,8,21,58,467,446,429,412,408,407,389,389,376,369,341,320,290,260,227,59,162,49,172,40,148,106,91,77,69,60,43,11,65,59
349,324,296,266,234,234,208,173,140,109,84,60,49,56,41,46,39,41,35,33,30,24,21,14,7,8,21,58,103,152,429,412,408,407,389,389,376,369,341,320,290,260,227,59,162,49,172,40,148,106,91,77,69,60,43,11,65,59,56,61
296,266,234,234,208,173,140,109,84,60,49,56,41,46,39,41,35,33,30,24,21,14,7,8,21,58,103,152,191,220,408,407,389,389,376,369,341,320,290,260,227,59,162,49,172,40,148,106,91,77,69,60,43,11,65,59,56,61,67,72
234,234,208,173,140,109,84,60,49,56,41,46,39,41,35,33,30,24,21,14,7,8,21,58,103,152,191,220,241,262,389,389,376,369,341,320,290,260,227,59,162,49,172,40,148,106,91,77,69,60,43,11,65,59,56,61,67,72,77,81
208,173,140,109,84,60,49,56,41,46,39,41,35,33,30,24,21,14,7,8,21,58,103,152,191,220,241,262,281,291,376,369,341,320,290,260,227,59,162,49,172,40,148,106,91,77,69,60,43,11,65,59,56,61,67,72,77,81,85,89
140,109,84,60,49,56,41,46,39,41,35,33,30,24,21,14,7,8,21,58,103,152,191,220,241,262,281,291,299,303,341,320,290,260,227,59,162,49,172,40,148,106,91,77,69,60,43,11,65,59,56,61,67,72,77,81,85,89,94,97
84,60,49,56,41,46,39,41,35,33,30,24,21,14,7,8,21,58,103,152,191,220,241,262,281,291,299,303,309,319,290,260,227,59,162,49,172,40,148,106,91,77,69,60,43,11,65,59,56,61,67,72,77,81,85,89,94,97,109,121
49,56,41,46,39,41,35,33,30,24,21,14,7,8,21,58,103,152,191,220,241,262,281,291,299,303,309,319,328,341,227,59,162,49,172,40,148,106,91,77,69,60,43,11,65,59,56,61,67,72,77,81,85,89,94,97,109,121,133,148
41,46,39,41,35,33,30,24,21,14,7,8,21,58,103,152,191,220,241,262,281,291,299,303,309,319,328,341,348,355,162,49,172,40,148,106,91,77,69,60,43,11,65,59,56,61,67,72,77,81,85,89,94,97,109,121,133,148,153,157
39,41,35,33,30,24,21,14,7,8,21,58,103,152,191,220,241,262,281,291,299,303,309,319,328,341,348,355,360,364,172,40,148,106,91,77,69,60,43,11,65,59,56,61,67,72,77,81,85,89,94,97,109,121,133,148,153,157,159,161
35,33,30,24,21,14,7,8,21,58,103,152,191,220,241,262,281,291,299,303,309,319,328,341,348,355,360,364,365,367,148,106,91,77,69,60,43,11,65,59,56,61,67,72,77,81,85,89,94,97,109,121,133,148,153,157,159,161,160,160
30,24,21,14,7,8,21,58,103,152,191,220,241,262,281,291,299,303,309,319,328,341,348,355,360,364,365,367,368,372,91,77,69,60,43,11,65,59,56,61,67,72,77,81,85,89,94,97,109,121,133,148,153,157,159,161,160,160,159,159
21,14,7,8,21,58,103,152,191,220,241,262,281,291,299,303,309,319,328,341,348,355,360,364,365,367,368,372,372,370,69,60,43,11,65,59,56,61,67,72,77,81,85,89,94,97,109,121,133,148,153,157,159,161,160,160,159,159,158,157
7,8,21,58,103,152,191,220,241,262,281,291,299,303,309,319,328,341,348,355,360,364,365,367,368,372,372,370,368,363,43,11,65,59,56,61,67,72,77,81,85,89,94,97,109,121,133,148,153,157,159,161,160,160,159,159,158,157,157,157
21,58,103,152,191,220,241,262,281,291,299,303,309,319,328,341,348,355,360,364,365,367,368,372,372,370,368,363,362,360,65,59,56,61,67,72,77,81,85,89,94,97,109,121,133,148,153,157,159,161,160,160,159,159,158,157,157,157,157,157
103,152,191,220,241,262,281,291,299,303,309,319,328,341,348,355,360,364,365,367,368,372,372,370,368,363,362,360,358,357,56,61,67,72,77,81,85,89,94,97,109,121,133,148,153,157,159,161,160,160,159,159,158,157,157,157,157,157,157,156
191,220,241,262,281,291,299,303,309,319,328,341,348,355,360,364,365,367,368,372,372,370,368,363,362,360,358,357,353,350,67,72,77,81,85,89,94,97,109,121,133,148,153,157,159,161,160,160,159,159,158,157,157,157,157,157,157,156,155,153
241,262,281,291,299,303,309,319,328,341,348,355,360,364,365,367,368,372,372,370,368,363,362,360,358,357,353,350,346,342,77,81,85,89,94,97,109,121,133,148,153,157,159,161,160,160,159,159,158,157,157,157,157,157,157,156,155,153,150,143
281,291,299,303,309,319,328,341,348,355,360,364,365,367,368,372,372,370,368,363,362,360,358,357,353,350,346,342,341,336,85,89,94,97,109,121,133,148,153,157,159,161,160,160,159,159,158,157,157,157,157,157,157,156,155,153,150,143,125,95
299,303,309,319,328,341,348,355,360,364,365,367,368,372,372,370,368,363,362,360,358,357,353,350,346,342,341,336,336,336,94,97,109,121,133,148,153,157,159,161,160,160,159,159,158,157,157,157,157,157,157,156,155,153,150,143,125,95,77,59
309,319,328,341,348,355,360,364,365,367,368,372,372,370,368,363,362,360,358,357,353,350,346,342,341,336,336,336,333,326,109,121,133,148,153,157,159,161,160,160,159,159,158,157,157,157,157,157,157,156,155,153,150,143,125,95,77,59,46,41
328,341,348,355,360,364,365,367,368,372,372,370,368,363,362,360,358,357,353,350,346,342,341,336,336,336,333,326,320,313,133,148,153,157,159,161,160,160,159,159,158,157,157,157,157,157,157,156,155,153,150,143,125,95,77,59,46,41,51,70
348,355,360,364,365,367,368,372,372,370,368,363,362,360,358,357,353,350,346,342,341,336,336,336,333,326,320,313,312,323,153,157,159,161,160,160,159,159,158,157,157,157,157,157,157,156,155,153,150,143,125,95,77,59,46,41,51,70,103,142
360,364,365,367,368,372,372,370,368,363,362,360,358,357,353,350,346,342,341,336,336,336,333,326,320,313,312,323,328,325,159,161,160,160,159,159,158,157,157,157,157,157,157,156,155,153,150,143,125,95,77,59,46,41,51,70,103,142,150,136
365,367,368,372,372,370,368,363,362,360,358,357,353,350,346,342,341,336,336,336,333,326,320,313,312,323,328,325,317,317,160,160,159,159,158,157,157,157,157,157,157,156,155,153,150,143,125,95,77,59,46,41,51,70,103,142,150,136,99,72
368,372,372,370,368,363,362,360,358,357,353,350,346,342,341,336,336,336,333,326,320,313,312,323,328,325,317,317,318,313,159,159,158,157,157,157,157,157,157,156,155,153,150,143,125,95,77,59,46,41,51,70,103,142,150,136,99,72,53,42
372,370,368,363,362,360,358,357,353,350,346,342,341,336,336,336,333,326,320,313,312,323,328,325,317,317,318,313,308,304,158,157,157,157,157,157,157,156,155,153,150,143,125,95,77,59,46,41,51,70,103,142,150,136,99,72,53,42,53,80
368,363,362,360,358,357,353,350,346,342,341,336,336,336,333,326,320,313,312,323,328,325,317,317,318,313,308,304,301,315,157,157,157,157,157,156,155,153,150,143,125,95,77,59,46,41,51,70,103,142,150,136,99,72,53,42,53,80,104,140
362,360,358,357,353,350,346,342,341,336,336,336,333,326,320,313,312,323,328,325,317,317,318,313,308,304,301,315,320,315,157,157,157,156,155,153,150,143,125,95,77,59,46,41,51,70,103,142,150,136,99,72,53,42,53,80,104,140,143,111
358,357,353,350,346,342,341,336,336,336,333,326,320,313,312,323,328,325,317,317,318,313,308,304,301,315,320,315,313,309,157,156,155,153,150,143,125,95,77,59,46,41,51,70,103,142,150,136,99,72,53,42,53,80,104,140,143,111,83,58
353,350,346,342,341,336,336,336,333,326,320,313,312,323,328,325,317,317,318,313,308,304,301,315,320,315,313,309,303,294,155,153,150,143,125,95,77,59,46,41,51,70,103,142,150,136,99,72,53,42,53,80,104,140,143,111,83,58,40,36
346,342,341,336,336,336,333,326,320,313,312,323,328,325,317,317,318,313,308,304,301,315,320,315,313,309,303,294,288,285,150,143,125,95,77,59,46,41,51,70,103,142,150,136,99,72,53,42,53,80,104,140,143,111,83,58,40,36,52,79
341,336,336,336,333,326,320,313,312,323,328,325,317,317,318,313,308,304,301,315,320,315,313,309,303,294,288,285,291,297,125,95,77,59,46,41,51,70,103,142,150,136,99,72,53,42,53,80,104,140,143,111,83,58,40,36,52,79,104,111
336,336,333,326,320,313,312,323,328,325,317,317,318,313,308,304,301,315,320,315,313,309,303,294,288,285,291,297,298,297,77,59,46,41,51,70,103,142,150,136,99,72,53,42,53,80,104,140,143,111,83,58,40,36,52,79,104,111,94,72
333,326,320,313,312,323,328,325,317,317,318,313,308,304,301,315,320,315,313,309,303,294,288,285,291,297,298,297,291,287,46,41,51,70,103,142,150,136,99,72,53,42,53,80,104,140,143,111,83,58,40,36,52,79,104,111,94,72,50,33
320,313,312,323,328,325,317,317,318,313,308,304,301,315,320,315,313,309,303,294,288,285,291,297,298,297,291,287,276,277,51,70,103,142,150,136,99,72,53,42,53,80,104,140,143,111,83,58,40,36,52,79,104,111,94,72,50,33,30,41
312,323,328,325,317,317,318,313,308,304,301,315,320,315,313,309,303,294,288,285,291,297,298,297,291,287,276,277,278,289,103,142,150,136,99,72,53,42,53,80,104,140,143,111,83,58,40,36,52,79,104,111,94,72,50,33,30,41,68,92
328,325,317,317,318,313,308,304,301,315,320,315,313,309,303,294,288,285,291,297,298,297,291,287,276,277,278,289,303,310,150,136,99,72,53,42,53,80,104,140,143,111,83,58,40,36,52,79,104,111,94,72,50,33,30,41,68,92,101,89
317,317,318,313,308,304,301,315,320,315,313,309,303,294,288,285,291,297,298,297,291,287,276,277,278,289,303,310,311,304,99,72,53,42,53,80,104,140,143,111,83,58,40,36,52,79,104,111,94,72,50,33,30,41,68,92,101,89,72,52
318,313,308,304,301,315,320,315,313,309,303,294,288,285,291,297,298,297,291,287,276,277,278,289,303,310,311,304,298,284,53,42,53,80,104,140,143,111,83,58,40,36,52,79,104,111,94,72,50,33,30,41,68,92,101,89,72,52,35,28
308,304,301,315,320,315,313,309,303,294,288,285,291,297,298,297,291,287,276,277,278,289,303,310,311,304,298,284,285,284,53,80,104,140,143,111,83,58,40,36,52,79,104,111,94,72,50,33,30,41,68,92,101,89,72,52,35,28,36,60
301,315,320,315,313,309,303,294,288,285,291,297,298,297,291,287,276,277,278,289,303,310,311,304,298,284,285,284,290,299,104,140,143,111,83,58,40,36,52,79,104,111,94,72,50,33,30,41,68,92,101,89,72,52,35,28,36,60,87,105
320,315,313,309,303,294,288,285,291,297,298,297,291,287,276,277,278,289,303,310,311,304,298,284,285,284,290,299,303,300,143,111,83,58,40,36,52,79,104,111,94,72,50,33,30,41,68,92,101,89,72,52,35,28,36,60,87,105,101,85
313,309,303,294,288,285,291,297,298,297,291,287,276,277,278,289,303,310,311,304,298,284,285,284,290,299,303,300,292,282,83,58,40,36,52,79,104,111,94,72,50,33,30,41,68,92,101,89,72,52,35,28,36,60,87,105,101,85,62,38
303,294,288,285,291,297,298,297,291,287,276,277,278,289,303,310,311,304,298,284,285,284,290,299,303,300,292,282,268,269,40,36,52,79,104,111,94,72,50,33,30,41,68,92,101,89,72,52,35,28,36,60,87,105,101,85,62,38,26,28
288,285,291,297,298,297,291,287,276,277,278,289,303,310,311,304,298,284,285,284,290,299,303,300,292,282,268,269,280,286,52,79,104,111,94,72,50,33,30,41,68,92,101,89,72,52,35,28,36,60,87,105,101,85,62,38,26,28,42,65
291,297,298,297,291,287,276,277,278,289,303,310,311,304,298,284,285,284,290,299,303,300,292,282,268,269,280,286,294,300,104,111,94,72,50,33,30,41,68,92,101,89,72,52,35,28,36,60,87,105,101,85,62,38,26,28,42,65,81,82
298,297,291,287,276,277,278,289,303,310,311,304,298,284,285,284,290,299,303,300,292,282,268,269,280,286,294,300,301,294,94,72,50,33,30,41,68,92,101,89,72,52,35,28,36,60,87,105,101,85,62,38,26,28,42,65,81,82,72,53
291,287,276,277,278,289,303,310,311,304,298,284,285,284,290,299,303,300,292,282,268,269,280,286,294,300,301,294,287,287,50,33,30,41,68,92,101,89,72,52,35,28,36,60,87,105,101,85,62,38,26,28,42,65,81,82,72,53,34,34
276,277,278,289,303,310,311,304,298,284,285,284,290,299,303,300,292,282,268,269,280,286,294,300,301,294,287,287,267,261,30,41,68,92,101,89,72,52,35,28,36,60,87,105,101,85,62,38,26,28,42,65,81,82,72,53,34,34,26,26
278,289,303,310,311,304,298,284,285,284,290,299,303,300,292,282,268,269,280,286,294,300,301,294,287,287,267,261,267,288,68,92,101,89,72,52,35,28,36,60,87,105,101,85,62,38,26,28,42,65,81,82,72,53,34,34,26,26,39,63
303,310,311,304,298,284,285,284,290,299,303,300,292,282,268,269,280,286,294,300,301,294,287,287,267,261,267,288,320,339,101,89,72,52,35,28,36,60,87,105,101,85,62,38,26,28,42,65,81,82,72,53,34,34,26,26,39,63,79,78
311,304,298,284,285,284,290,299,303,300,292,282,268,269,280,286,294,300,301,294,287,287,267,261,267,288,320,339,350,355,72,52,35,28,36,60,87,105,101,85,62,38,26,28,42,65,81,82,72,53,34,34,26,26,39,63,79,78,66,46
298,284,285,284,290,299,303,300,292,282,268,269,280,286,294,300,301,294,287,287,267,261,267,288,320,339,350,355,368,380,35,28,36,60,87,105,101,85,62,38,26,28,42,65,81,82,72,53,34,34,26,26,39,63,79,78,66,46,30,30
285,284,290,299,303,300,292,282,268,269,280,286,294,300,301,294,287,287,267,261,267,288,320,339,350,355,368,380,405,416,36,60,87,105,101,85,62,38,26,28,42,65,81,82,72,53,34,34,26,26,39,63,79,78,66,46,30,30,50,66
290,299,303,300,292,282,268,269,280,286,294,300,301,294,287,287,267,261,267,288,320,339,350,355,368,380,405,416,424,428,87,105,101,85,62,38,26,28,42,65,81,82,72,53,34,34,26,26,39,63,79,78,66,46,30,30,50,66,69,59
303,300,292,282,268,269,280,286,294,300,301,294,287,287,267,261,267,288,320,339,350,355,368,380,405,416,424,428,421,398,101,85,62,38,26,28,42,65,81,82,72,53,34,34,26,26,39,63,79,78,66,46,30,30,50,66,69,59,42,27
292,282,268,269,280,286,294,300,301,294,287,287,267,261,267,288,320,339,350,355,368,380,405,416,424,428,421,398,359,325,62,38,26,28,42,65,81,82,72,53,34,34,26,26,39,63,79,78,66,46,30,30,50,66,69,59,42,27,9,39
268,269,280,286,294,300,301,294,287,287,267,261,267,288,320,339,350,355,368,380,405,416,424,428,421,398,359,325,314,313,26,28,42,65,81,82,72,53,34,34,26,26,39,63,79,78,66,46,30,30,50,66,69,59,42,27,9,39,54,57
280,286,294,300,301,294,287,287,267,261,267,288,320,339,350,355,368,380,405,416,424,428,421,398,359,325,314,313,313,304,42,65,81,82,72,53,34,34,26,26,39,63,79,78,66,46,30,30,50,66,69,59,42,27,9,39,54,57,51,37
294,300,301,294,287,287,267,261,267,288,320,339,350,355,368,380,405,416,424,428,421,398,359,325,314,313,313,304,264,224,81,82,72,53,34,34,26,26,39,63,79,78,66,46,30,30,50,66,69,59,42,27,9,39,54,57,51,37,27,28
301,294,287,287,267,261,267,288,320,339,350,355,368,380,405,416,424,428,421,398,359,325,314,313,313,304,264,224,221,229,72,53,34,34,26,26,39,63,79,78,66,46,30,30,50,66,69,59,42,27,9,39,54,57,51,37,27,28,45,57
287,287,267,261,267,288,320,339,350,355,368,380,405,416,424,428,421,398,359,325,314,313,313,304,264,224,221,229,241,244,34,34,26,26,39,63,79,78,66,46,30,30,50,66,69,59,42,27,9,39,54,57,51,37,27,28,45,57,54,44
267,261,267,288,320,339,350,355,368,380,405,416,424,428,421,398,359,325,314,313,313,304,264,224,221,229,241,244,241,186,26,26,39,63,79,78,66,46,30,30,50,66,69,59,42,27,9,39,54,57,51,37,27,28,45,57,54,44,29,24
267,288,320,339,350,355,368,380,405,416,424,428,421,398,359,325,314,313,313,304,264,224,221,229,241,244,241,186,223,245,39,63,79,78,66,46,30,30,50,66,69,59,42,27,9,39,54,57,51,37,27,28,45,57,54,44,29,24,41,63
320,339,350,355,368,380,405,416,424,428,421,398,359,325,314,313,313,304,264,224,221,229,241,244,241,186,223,245,268,284,79,78,66,46,30,30,50,66,69,59,42,27,9,39,54,57,51,37,27,28,45,57,54,44,29,24,41,63,76,72
350,355,368,380,405,416,424,428,421,398,359,325,314,313,313,304,264,224,221,229,241,244,241,186,223,245,268,284,294,295,66,46,30,30,50,66,69,59,42,27,9,39,54,57,51,37,27,28,45,57,54,44,29,24,41,63,76,72,59,44
368,380,405,416,424,428,421,398,359,325,314,313,313,304,264,224,221,229,241,244,241,186,223,245,268,284,294,295,285,269,30,30,50,66,69,59,42,27,9,39,54,57,51,37,27,28,45,57,54,44,29,24,41,63,76,72,59,44,32,29
405,416,424,428,421,398,359,325,314,313,313,304,264,224,221,229,241,244,241,186,223,245,268,284,294,295,285,269,264,273,50,66,69,59,42,27,9,39,54,57,51,37,27,28,45,57,54,44,29,24,41,63,76,72,59,44,32,29,31,41
424,428,421,398,359,325,314,313,313,304,264,224,221,229,241,244,241,186,223,245,268,284,294,295,285,269,264,273,288,305,69,59,42,27,9,39,54,57,51,37,27,28,45,57,54,44,29,24,41,63,76,72,59,44,32,29,31,41,56,70
421,398,359,325,314,313,313,304,264,224,221,229,241,244,241,186,223,245,268,284,294,295,285,269,264,273,288,305,315,320,42,27,9,39,54,57,51,37,27,28,45,57,54,44,29,24,41,63,76,72,59,44,32,29,31,41,56,70,75,69
359,325,314,313,313,304,264,224,221,229,241,244,241,186,223,245,268,284,294,295,285,269,264,273,288,305,315,320,319,313,9,39,54,57,51,37,27,28,45,57,54,44,29,24,41,63,76,72,59,44,32,29,31,41,56,70,75,69,55,38
314,313,313,304,264,224,221,229,241,244,241,186,223,245,268,284,294,295,285,269,264,273,288,305,315,320,319,313,300,265,54,57,51,37,27,28,45,57,54,44,29,24,41,63,76,72,59,44,32,29,31,41,56,70,75,69,55,38,28,30
313,304,264,224,221,229,241,244,241,186,223,245,268,284,294,295,285,269,264,273,288,305,315,320,319,313,300,265,274,270,51,37,27,28,45,57,54,44,29,24,41,63,76,72,59,44,32,29,31,41,56,70,75,69,55,38,28,30,28,36
264,224,221,229,241,244,241,186,223,245,268,284,294,295,285,269,264,273,288,305,315,320,319,313,300,265,274,270,269,269,27,28,45,57,54,44,29,24,41,63,76,72,59,44,32,29,31,41,56,70,75,69,55,38,28,30,28,36,49,61
221,229,241,244,241,186,223,245,268,284,294,295,285,269,264,273,288,305,315,320,319,313,300,265,274,270,269,269,269,269,45,57,54,44,29,24,41,63,76,72,59,44,32,29,31,41,56,70,75,69,55,38,28,30,28,36,49,61,72,79
241,244,241,186,223,245,268,284,294,295,285,269,264,273,288,305,315,320,319,313,300,265,274,270,269,269,269,269,268,268,54,44,29,24,41,63,76,72,59,44,32,29,31,41,56,70,75,69,55,38,28,30,28,36,49,61,72,79,84,89
241,186,223,245,268,284,294,295,285,269,264,273,288,305,315,320,319,313,300,265,274,270,269,269,269,269,268,268,269,271,29,24,41,63,76,72,59,44,32,29,31,41,56,70,75,69,55,38,28,30,28,36,49,61,72,79,84,89,93,98
223,245,268,284,294,295,285,269,264,273,288,305,315,320,319,313,300,265,274,270,269,269,269,269,268,268,269,271,274,277,41,63,76,72,59,44,32,29,31,41,56,70,75,69,55,38,28,30,28,36,49,61,72,79,84,89,93,98,104,113
268,284,294,295,285,269,264,273,288,305,315,320,319,313,300,265,274,270,269,269,269,269,268,268,269,271,274,277,282,285,76,72,59,44,32,29,31,41,56,70,75,69,55,38,28,30,28,36,49,61,72,79,84,89,93,98,104,113,121,128
294,295,285,269,264,273,288,305,315,320,319,313,300,265,274,270,269,269,269,269,268,268,269,271,274,277,282,285,287,290,59,44,32,29,31,41,56,70,75,69,55,38,28,30,28,36,49,61,72,79,84,89,93,98,104,113,121,128,135,142
285,269,264,273,288,305,315,320,319,313,300,265,274,270,269,269,269,269,268,268,269,271,274,277,282,285,287,290,294,297,32,29,31,41,56,70,75,69,55,38,28,30,28,36,49,61,72,79,84,89,93,98,104,113,121,128,135,142,147,148
264,273,288,305,315,320,319,313,300,265,274,270,269,269,269,269,268,268,269,271,274,277,282,285,287,290,294,297,300,301,31,41,56,70,75,69,55,38,28,30,28,36,49,61,72,79,84,89,93,98,104,113,121,128,135,142,147,148,151,153
288,305,315,320,319,313,300,265,274,270,269,269,269,269,268,268,269,271,274,277,282,285,287,290,294,297,300,301,301,302,56,70,75,69,55,38,28,30,28,36,49,61,72,79,84,89,93,98,104,113,121,128,135,142,147,148,151,153,153,153
315,320,319,313,300,265,274,270,269,269,269,269,268,268,269,271,274,277,282,285,287,290,294,297,300,301,301,302,302,304,75,69,55,38,28,30,28,36,49,61,72,79,84,89,93,98,104,113,121,128,135,142,147,148,151,153,153,153,154,153
319,313,300,265,274,270,269,269,269,269,268,268,269,271,274,277,282,285,287,290,294,297,300,301,301,302,302,304,1098,306,55,38,28,30,28,36,49,61,72,79,84,89,93,98,104,113,121,128,135,142,147,148,151,153,153,153,154,153,324,155
300,265,274,270,269,269,269,269,268,268,269,271,274,277,282,285,287,290,294,297,300,301,301,302,302,304,1098,306,308,310,28,30,28,36,49,61,72,79,84,89,93,98,104,113,121,128,135,142,147,148,151,153,153,153,154,153,324,155,155,155
274,270,269,269,269,269,268,268,269,271,274,277,282,285,287,290,294,297,300,301,301,302,302,304,1098,306,308,310,310,313,28,36,49,61,72,79,84,89,93,98,104,113,121,128,135,142,147,148,151,153,153,153,154,153,324,155,155,155,156,156
269,269,269,269,268,268,269,271,274,277,282,285,287,290,294,297,300,301,301,302,302,304,1098,306,308,310,310,313,314,315,49,61,72,79,84,89,93,98,104,113,121,128,135,142,147,148,151,153,153,153,154,153,324,155,155,155,156,156,156,156
269,269,268,268,269,271,274,277,282,285,287,290,294,297,300,301,301,302,302,304,1098,306,308,310,310,313,314,315,317,317,72,79,84,89,93,98,104,113,121,128,135,142,147,148,151,153,153,153,154,153,324,155,155,155,156,156,156,156,159,160
268,268,269,271,274,277,282,285,287,290,294,297,300,301,301,302,302,304,1098,306,308,310,310,313,314,315,317,317,316,317,84,89,93,98,104,113,121,128,135,142,147,148,151,153,153,153,154,153,324,155,155,155,156,156,156,156,159,160,161,161
269,271,274,277,282,285,287,290,294,297,300,301,301,302,302,304,1098,306,308,310,310,313,314,315,317,317,316,317,313,312,93,98,104,113,121,128,135,142,147,148,151,153,153,153,154,153,324,155,155,155,156,156,156,156,159,160,161,161,159,158
274,277,282,285,287,290,294,297,300,301,301,302,302,304,1098,306,308,310,310,313,314,315,317,317,316,317,313,312,308,302,104,113,121,128,135,142,147,148,151,153,153,153,154,153,324,155,155,155,156,156,156,156,159,160,161,161,159,158,155,148
282,285,287,290,294,297,300,301,301,302,302,304,1098,306,308,310,310,313,314,315,317,317,316,317,313,312,308,302,293,279,121,128,135,142,147,148,151,153,153,153,154,153,324,155,155,155,156,156,156,156,159,160,161,161,159,158,155,148,141,128
287,290,294,297,300,301,301,302,302,304,1098,306,308,310,310,313,314,315,317,317,316,317,313,312,308,302,293,279,263,252,135,142,147,148,151,153,153,153,154,153,324,155,155,155,156,156,156,156,159,160,161,161,159,158,155,148,141,128,107,91
294,297,300,301,301,302,302,304,1098,306,308,310,310,313,314,315,317,317,316,317,313,312,308,302,293,279,263,252,241,233,147,148,151,153,153,153,154,153,324,155,155,155,156,156,156,156,159,160,161,161,159,158,155,148,141,128,107,91,76,62
300,301,301,302,302,304,1098,306,308,310,310,313,314,315,317,317,316,317,313,312,308,302,293,279,263,252,241,233,229,225,151,153,153,153,154,153,324,155,155,155,156,156,156,156,159,160,161,161,159,158,155,148,141,128,107,91,76,62,45,32
301,302,302,304,1098,306,308,310,310,313,314,315,317,317,316,317,313,312,308,302,293,279,263,252,241,233,229,225,224,240,153,153,154,153,324,155,155,155,156,156,156,156,159,160,161,161,159,158,155,148,141,128,107,91,76,62,45,32,14,32
302,304,1098,306,308,310,310,313,314,315,317,317,316,317,313,312,308,302,293,279,263,252,241,233,229,225,224,240,246,249,154,153,324,155,155,155,156,156,156,156,159,160,161,161,159,158,155,148,141,128,107,91,76,62,45,32,14,32,45,54
1098,306,308,310,310,313,314,315,317,317,316,317,313,312,308,302,293,279,263,252,241,233,229,225,224,240,246,249,258,267,324,155,155,155,156,156,156,156,159,160,161,161,159,158,155,148,141,128,107,91,76,62,45,32,14,32,45,54,63,69
308,310,310,313,314,315,317,317,316,317,313,312,308,302,293,279,263,252,241,233,229,225,224,240,246,249,258,267,273,285,155,155,156,156,156,156,159,160,161,161,159,158,155,148,141,128,107,91,76,62,45,32,14,32,45,54,63,69,76,88
310,313,314,315,317,317,316,317,313,312,308,302,293,279,263,252,241,233,229,225,224,240,246,249,258,267,273,285,298,309,156,156,156,156,159,160,161,161,159,158,155,148,141,128,107,91,76,62,45,32,14,32,45,54,63,69,76,88,96,100
314,315,317,317,316,317,313,312,308,302,293,279,263,252,241,233,229,225,224,240,246,249,258,267,273,285,298,309,318,323,156,156,159,160,161,161,159,158,155,148,141,128,107,91,76,62,45,32,14,32,45,54,63,69,76,88,96,100,103,106
317,317,316,317,313,312,308,302,293,279,263,252,241,233,229,225,224,240,246,249,258,267,273,285,298,309,318,323,326,329,159,160,161,161,159,158,155,148,141,128,107,91,76,62,45,32,14,32,45,54,63,69,76,88,96,100,103,106,108,110
316,317,313,312,308,302,293,279,263,252,241,233,229,225,224,240,246,249,258,267,273,285,298,309,318,323,326,329,330,332,161,161,159,158,155,148,141,128,107,91,76,62,45,32,14,32,45,54,63,69,76,88,96,100,103,106,108,110,110,110
313,312,308,302,293,279,263,252,241,233,229,225,224,240,246,249,258,267,273,285,298,309,318,323,326,329,330,332,331,332,159,158,155,148,141,128,107,91,76,62,45,32,14,32,45,54,63,69,76,88,96,100,103,106,108,110,110,110,112,114
308,302,293,279,263,252,241,233,229,225,224,240,246,249,258,267,273,285,298,309,318,323,326,329,330,332,331,332,331,325,155,148,141,128,107,91,76,62,45,32,14,32,45,54,63,69,76,88,96,100,103,106,108,110,110,110,112,114,117,120
293,279,263,252,241,233,229,225,224,240,246,249,258,267,273,285,298,309,318,323,326,329,330,332,331,332,331,325,322,315,141,128,107,91,76,62,45,32,14,32,45,54,63,69,76,88,96,100,103,106,108,110,110,110,112,114,117,120,121,120
263,252,241,233,229,225,224,240,246,249,258,267,273,285,298,309,318,323,326,329,330,332,331,332,331,325,322,315,311,306,107,91,76,62,45,32,14,32,45,54,63,69,76,88,96,100,103,106,108,110,110,110,112,114,117,120,121,120,119,115
241,233,229,225,224,240,246,249,258,267,273,285,298,309,318,323,326,329,330,332,331,332,331,325,322,315,311,306,300,293,76,62,45,32,14,32,45,54,63,69,76,88,96,100,103,106,108,110,110,110,112,114,117,120,121,120,119,115,107,96
229,225,224,240,246,249,258,267,273,285,298,309,318,323,326,329,330,332,331,332,331,325,322,315,311,306,300,293,286,277,45,32,14,32,45,54,63,69,76,88,96,100,103,106,108,110,110,110,112,114,117,120,121,120,119,115,107,96,84,70
224,240,246,249,258,267,273,285,298,309,318,323,326,329,330,332,331,332,331,325,322,315,311,306,300,293,286,277,266,253,14,32,45,54,63,69,76,88,96,100,103,106,108,110,110,110,112,114,117,120,121,120,119,115,107,96,84,70,58,45
246,249,258,267,273,285,298,309,318,323,326,329,330,332,331,332,331,325,322,315,311,306,300,293,286,277,266,253,244,240,45,54,63,69,76,88,96,100,103,106,108,110,110,110,112,114,117,120,121,120,119,115,107,96,84,70,58,45,32,19
