538,538,526,504,488,488,467,553,458,458,458,438,551,436,552,433,546,431,432,547,432,547,429,547,429,547,431,431,431,442,35,35,85,145,174,174,211,707,223,223,223,235,707,240,707,240,708,242,243,708,243,708,240,707,240,707,233,233,215,182,0
526,504,488,488,467,553,458,458,458,438,551,436,552,433,546,431,432,547,432,547,429,547,429,547,431,431,431,442,465,546,85,145,174,174,211,707,223,223,223,235,707,240,707,240,708,242,243,708,243,708,240,707,240,707,233,233,215,182,134,707,0
488,488,467,553,458,458,458,438,551,436,552,433,546,431,432,547,432,547,429,547,429,547,431,431,431,442,465,546,480,480,174,174,211,707,223,223,223,235,707,240,707,240,708,242,243,708,243,708,240,707,240,707,233,233,215,182,134,707,120,120,0
467,553,458,458,458,438,551,436,552,433,546,431,432,547,432,547,429,547,429,547,431,431,431,442,465,546,480,480,480,510,211,707,223,223,223,235,707,240,707,240,708,242,243,708,243,708,240,707,240,707,233,233,215,182,134,707,120,120,120,96,0
458,458,458,438,551,436,552,433,546,431,432,547,432,547,429,547,429,547,431,431,431,442,465,546,480,480,480,510,547,510,223,223,223,235,707,240,707,240,708,242,243,708,243,708,240,707,240,707,233,233,215,182,134,707,120,120,120,96,707,96,0
458,438,551,436,552,433,546,431,432,547,432,547,429,547,429,547,431,431,431,442,465,546,480,480,480,510,547,510,547,526,223,235,707,240,707,240,708,242,243,708,243,708,240,707,240,707,233,233,215,182,134,707,120,120,120,96,707,96,707,62,0
551,436,552,433,546,431,432,547,432,547,429,547,429,547,431,431,431,442,465,546,480,480,480,510,547,510,547,526,535,552,707,240,707,240,708,242,243,708,243,708,240,707,240,707,233,233,215,182,134,707,120,120,120,96,707,96,707,62,45,708,0
552,433,546,431,432,547,432,547,429,547,429,547,431,431,431,442,465,546,480,480,480,510,547,510,547,526,535,552,544,544,707,240,708,242,243,708,243,708,240,707,240,707,233,233,215,182,134,707,120,120,120,96,707,96,707,62,45,708,707,707,0
546,431,432,547,432,547,429,547,429,547,431,431,431,442,465,546,480,480,480,510,547,510,547,526,535,552,544,544,549,549,708,242,243,708,243,708,240,707,240,707,233,233,215,182,134,707,120,120,120,96,707,96,707,62,45,708,707,707,707,707,0
432,547,432,547,429,547,429,547,431,431,431,442,465,546,480,480,480,510,547,510,547,526,535,552,544,544,549,549,549,547,243,708,243,708,240,707,240,707,233,233,215,182,134,707,120,120,120,96,707,96,707,62,45,708,707,707,707,707,707,707,0
432,547,429,547,429,547,431,431,431,442,465,546,480,480,480,510,547,510,547,526,535,552,544,544,549,549,549,547,543,543,243,708,240,707,240,707,233,233,215,182,134,707,120,120,120,96,707,96,707,62,45,708,707,707,707,707,707,707,706,706,0
429,547,429,547,431,431,431,442,465,546,480,480,480,510,547,510,547,526,535,552,544,544,549,549,549,547,543,543,400,543,240,707,240,707,233,233,215,182,134,707,120,120,120,96,707,96,707,62,45,708,707,707,707,707,707,707,706,706,51,708,0
429,547,431,431,431,442,465,546,480,480,480,510,547,510,547,526,535,552,544,544,549,549,549,547,543,543,400,543,400,543,240,707,233,233,215,182,134,707,120,120,120,96,707,96,707,62,45,708,707,707,707,707,707,707,706,706,51,708,51,708,0
431,431,431,442,465,546,480,480,480,510,547,510,547,526,535,552,544,544,549,549,549,547,543,543,400,543,400,543,388,550,233,233,215,182,134,707,120,120,120,96,707,96,707,62,45,708,707,707,707,707,707,707,706,706,51,708,51,708,100,707,0
431,442,465,546,480,480,480,510,547,510,547,526,535,552,544,544,549,549,549,547,543,543,400,543,400,543,388,550,389,389,215,182,134,707,120,120,120,96,707,96,707,62,45,708,707,707,707,707,707,707,706,706,51,708,51,708,100,707,129,129,0
465,546,480,480,480,510,547,510,547,526,535,552,544,544,549,549,549,547,543,543,400,543,400,543,388,550,389,389,399,544,134,707,120,120,120,96,707,96,707,62,45,708,707,707,707,707,707,707,706,706,51,708,51,708,100,707,129,129,165,707,0
480,480,480,510,547,510,547,526,535,552,544,544,549,549,549,547,543,543,400,543,400,543,388,550,389,389,399,544,406,545,120,120,120,96,707,96,707,62,45,708,707,707,707,707,707,707,706,706,51,708,51,708,100,707,129,129,165,707,183,708,0
480,510,547,510,547,526,535,552,544,544,549,549,549,547,543,543,400,543,400,543,388,550,389,389,399,544,406,545,406,545,120,96,707,96,707,62,45,708,707,707,707,707,707,707,706,706,51,708,51,708,100,707,129,129,165,707,183,708,183,708,0
547,510,547,526,535,552,544,544,549,549,549,547,543,543,400,543,400,543,388,550,389,389,399,544,406,545,406,545,410,410,707,96,707,62,45,708,707,707,707,707,707,707,706,706,51,708,51,708,100,707,129,129,165,707,183,708,183,708,193,193,0
547,526,535,552,544,544,549,549,549,547,543,543,400,543,400,543,388,550,389,389,399,544,406,545,406,545,410,410,415,419,707,62,45,708,707,707,707,707,707,707,706,706,51,708,51,708,100,707,129,129,165,707,183,708,183,708,193,193,203,205,0
535,552,544,544,549,549,549,547,543,543,400,543,400,543,388,550,389,389,399,544,406,545,406,545,410,410,415,419,547,424,45,708,707,707,707,707,707,707,706,706,51,708,51,708,100,707,129,129,165,707,183,708,183,708,193,193,203,205,708,206,0
544,544,549,549,549,547,543,543,400,543,400,543,388,550,389,389,399,544,406,545,406,545,410,410,415,419,547,424,425,537,707,707,707,707,707,707,706,706,51,708,51,708,100,707,129,129,165,707,183,708,183,708,193,193,203,205,708,206,206,708,0
549,549,549,547,543,543,400,543,400,543,388,550,389,389,399,544,406,545,406,545,410,410,415,419,547,424,425,537,425,537,707,707,707,707,706,706,51,708,51,708,100,707,129,129,165,707,183,708,183,708,193,193,203,205,708,206,206,708,206,708,0
549,547,543,543,400,543,400,543,388,550,389,389,399,544,406,545,406,545,410,410,415,419,547,424,425,537,425,537,427,426,707,707,706,706,51,708,51,708,100,707,129,129,165,707,183,708,183,708,193,193,203,205,708,206,206,708,206,708,212,218,0
543,543,400,543,400,543,388,550,389,389,399,544,406,545,406,545,410,410,415,419,547,424,425,537,425,537,427,426,545,426,706,706,51,708,51,708,100,707,129,129,165,707,183,708,183,708,193,193,203,205,708,206,206,708,206,708,212,218,707,218,0
400,543,400,543,388,550,389,389,399,544,406,545,406,545,410,410,415,419,547,424,425,537,425,537,427,426,545,426,545,426,51,708,51,708,100,707,129,129,165,707,183,708,183,708,193,193,203,205,708,206,206,708,206,708,212,218,707,218,707,218,0
400,543,388,550,389,389,399,544,406,545,406,545,410,410,415,419,547,424,425,537,425,537,427,426,545,426,545,426,545,426,51,708,100,707,129,129,165,707,183,708,183,708,193,193,203,205,708,206,206,708,206,708,212,218,707,218,707,218,707,217,0
388,550,389,389,399,544,406,545,406,545,410,410,415,419,547,424,425,537,425,537,427,426,545,426,545,426,545,426,542,426,100,707,129,129,165,707,183,708,183,708,193,193,203,205,708,206,206,708,206,708,212,218,707,218,707,218,707,217,706,217,0
389,389,399,544,406,545,406,545,410,410,415,419,547,424,425,537,425,537,427,426,545,426,545,426,545,426,542,426,543,422,129,129,165,707,183,708,183,708,193,193,203,205,708,206,206,708,206,708,212,218,707,218,707,218,707,217,706,217,708,212,0
399,544,406,545,406,545,410,410,415,419,547,424,425,537,425,537,427,426,545,426,545,426,545,426,542,426,543,422,422,414,165,707,183,708,183,708,193,193,203,205,708,206,206,708,206,708,212,218,707,218,707,218,707,217,706,217,708,212,212,187,0
406,545,406,545,410,410,415,419,547,424,425,537,425,537,427,426,545,426,545,426,545,426,542,426,543,422,422,414,533,418,183,708,183,708,193,193,203,205,708,206,206,708,206,708,212,218,707,218,707,218,707,217,706,217,708,212,212,187,706,206,0
406,545,410,410,415,419,547,424,425,537,425,537,427,426,545,426,545,426,545,426,542,426,543,422,422,414,533,418,418,418,183,708,193,193,203,205,708,206,206,708,206,708,212,218,707,218,707,218,707,217,706,217,708,212,212,187,706,206,206,206,0
410,410,415,419,547,424,425,537,425,537,427,426,545,426,545,426,545,426,542,426,543,422,422,414,533,418,418,418,410,405,193,193,203,205,708,206,206,708,206,708,212,218,707,218,707,218,707,217,706,217,708,212,212,187,706,206,206,206,139,94,0
415,419,547,424,425,537,425,537,427,426,545,426,545,426,545,426,542,426,543,422,422,414,533,418,418,418,410,405,406,408,203,205,708,206,206,708,206,708,212,218,707,218,707,218,707,217,706,217,708,212,212,187,706,206,206,206,139,94,69,52,0
547,424,425,537,425,537,427,426,545,426,545,426,545,426,542,426,543,422,422,414,533,418,418,418,410,405,406,408,408,412,708,206,206,708,206,708,212,218,707,218,707,218,707,217,706,217,708,212,212,187,706,206,206,206,139,94,69,52,52,29,0
425,537,425,537,427,426,545,426,545,426,545,426,542,426,543,422,422,414,533,418,418,418,410,405,406,408,408,412,394,394,206,708,206,708,212,218,707,218,707,218,707,217,706,217,708,212,212,187,706,206,206,206,139,94,69,52,52,29,34,34,0
425,537,427,426,545,426,545,426,545,426,542,426,543,422,422,414,533,418,418,418,410,405,406,408,408,412,394,394,366,348,206,708,212,218,707,218,707,218,707,217,706,217,708,212,212,187,706,206,206,206,139,94,69,52,52,29,34,34,40,53,0
427,426,545,426,545,426,545,426,542,426,543,422,422,414,533,418,418,418,410,405,406,408,408,412,394,394,366,348,337,337,212,218,707,218,707,218,707,217,706,217,708,212,212,187,706,206,206,206,139,94,69,52,52,29,34,34,40,53,44,44,0
545,426,545,426,545,426,542,426,543,422,422,414,533,418,418,418,410,405,406,408,408,412,394,394,366,348,337,337,349,337,707,218,707,218,707,217,706,217,708,212,212,187,706,206,206,206,139,94,69,52,52,29,34,34,40,53,44,44,55,60,0
545,426,545,426,542,426,543,422,422,414,533,418,418,418,410,405,406,408,408,412,394,394,366,348,337,337,349,337,327,371,707,218,707,217,706,217,708,212,212,187,706,206,206,206,139,94,69,52,52,29,34,34,40,53,44,44,55,60,47,20,0
545,426,542,426,543,422,422,414,533,418,418,418,410,405,406,408,408,412,394,394,366,348,337,337,349,337,327,371,417,391,707,217,706,217,708,212,212,187,706,206,206,206,139,94,69,52,52,29,34,34,40,53,44,44,55,60,47,20,16,32,0
542,426,543,422,422,414,533,418,418,418,410,405,406,408,408,412,394,394,366,348,337,337,349,337,327,371,417,391,391,381,706,217,708,212,212,187,706,206,206,206,139,94,69,52,52,29,34,34,40,53,44,44,55,60,47,20,16,32,32,52,0
543,422,422,414,533,418,418,418,410,405,406,408,408,412,394,394,366,348,337,337,349,337,327,371,417,391,391,381,385,385,708,212,212,187,706,206,206,206,139,94,69,52,52,29,34,34,40,53,44,44,55,60,47,20,16,32,32,52,22,22,0
422,414,533,418,418,418,410,405,406,408,408,412,394,394,366,348,337,337,349,337,327,371,417,391,391,381,385,385,413,413,212,187,706,206,206,206,139,94,69,52,52,29,34,34,40,53,44,44,55,60,47,20,16,32,32,52,22,22,63,63,0
533,418,418,418,410,405,406,408,408,412,394,394,366,348,337,337,349,337,327,371,417,391,391,381,385,385,413,413,402,402,706,206,206,206,139,94,69,52,52,29,34,34,40,53,44,44,55,60,47,20,16,32,32,52,22,22,63,63,88,88,0
418,418,410,405,406,408,408,412,394,394,366,348,337,337,349,337,327,371,417,391,391,381,385,385,413,413,402,402,386,547,206,206,139,94,69,52,52,29,34,34,40,53,44,44,55,60,47,20,16,32,32,52,22,22,63,63,88,88,160,708,0
410,405,406,408,408,412,394,394,366,348,337,337,349,337,327,371,417,391,391,381,385,385,413,413,402,402,386,547,384,383,139,94,69,52,52,29,34,34,40,53,44,44,55,60,47,20,16,32,32,52,22,22,63,63,88,88,160,708,167,176,0
406,408,408,412,394,394,366,348,337,337,349,337,327,371,417,391,391,381,385,385,413,413,402,402,386,547,384,383,545,383,69,52,52,29,34,34,40,53,44,44,55,60,47,20,16,32,32,52,22,22,63,63,88,88,160,708,167,176,706,176,0
408,412,394,394,366,348,337,337,349,337,327,371,417,391,391,381,385,385,413,413,402,402,386,547,384,383,545,383,545,381,52,29,34,34,40,53,44,44,55,60,47,20,16,32,32,52,22,22,63,63,88,88,160,708,167,176,706,176,706,178,0
394,394,366,348,337,337,349,337,327,371,417,391,391,381,385,385,413,413,402,402,386,547,384,383,545,383,545,381,381,380,34,34,40,53,44,44,55,60,47,20,16,32,32,52,22,22,63,63,88,88,160,708,167,176,706,176,706,178,178,180,0
366,348,337,337,349,337,327,371,417,391,391,381,385,385,413,413,402,402,386,547,384,383,545,383,545,381,381,380,380,379,40,53,44,44,55,60,47,20,16,32,32,52,22,22,63,63,88,88,160,708,167,176,706,176,706,178,178,180,180,181,0
337,337,349,337,327,371,417,391,391,381,385,385,413,413,402,402,386,547,384,383,545,383,545,381,381,380,380,379,377,529,44,44,55,60,47,20,16,32,32,52,22,22,63,63,88,88,160,708,167,176,706,176,706,178,178,180,180,181,183,706,0
349,337,327,371,417,391,391,381,385,385,413,413,402,402,386,547,384,383,545,383,545,381,381,380,380,379,377,529,377,529,55,60,47,20,16,32,32,52,22,22,63,63,88,88,160,708,167,176,706,176,706,178,178,180,180,181,183,706,183,706,0
327,371,417,391,391,381,385,385,413,413,402,402,386,547,384,383,545,383,545,381,381,380,380,379,377,529,377,529,375,378,47,20,16,32,32,52,22,22,63,63,88,88,160,708,167,176,706,176,706,178,178,180,180,181,183,706,183,706,182,185,0
417,391,391,381,385,385,413,413,402,402,386,547,384,383,545,383,545,381,381,380,380,379,377,529,377,529,375,378,530,378,16,32,32,52,22,22,63,63,88,88,160,708,167,176,706,176,706,178,178,180,180,181,183,706,183,706,182,185,706,185,0
391,381,385,385,413,413,402,402,386,547,384,383,545,383,545,381,381,380,380,379,377,529,377,529,375,378,530,378,530,381,32,52,22,22,63,63,88,88,160,708,167,176,706,176,706,178,178,180,180,181,183,706,183,706,182,185,706,185,706,179,0
385,385,413,413,402,402,386,547,384,383,545,383,545,381,381,380,380,379,377,529,377,529,375,378,530,378,530,381,381,381,22,22,63,63,88,88,160,708,167,176,706,176,706,178,178,180,180,181,183,706,183,706,182,185,706,185,706,179,179,176,0
413,413,402,402,386,547,384,383,545,383,545,381,381,380,380,379,377,529,377,529,375,378,530,378,530,381,381,381,384,384,63,63,88,88,160,708,167,176,706,176,706,178,178,180,180,181,183,706,183,706,182,185,706,185,706,179,179,176,173,173,0
402,402,386,547,384,383,545,383,545,381,381,380,380,379,377,529,377,529,375,378,530,378,530,381,381,381,384,384,383,382,88,88,160,708,167,176,706,176,706,178,178,180,180,181,183,706,183,706,182,185,706,185,706,179,179,176,173,173,175,185,0
386,547,384,383,545,383,545,381,381,380,380,379,377,529,377,529,375,378,530,378,530,381,381,381,384,384,383,382,382,382,160,708,167,176,706,176,706,178,178,180,180,181,183,706,183,706,182,185,706,185,706,179,179,176,173,173,175,185,185,185,0
384,383,545,383,545,381,381,380,380,379,377,529,377,529,375,378,530,378,530,381,381,381,384,384,383,382,382,382,376,379,167,176,706,176,706,178,178,180,180,181,183,706,183,706,182,185,706,185,706,179,179,176,173,173,175,185,185,185,195,197,0
545,383,545,381,381,380,380,379,377,529,377,529,375,378,530,378,530,381,381,381,384,384,383,382,382,382,376,379,530,379,706,176,706,178,178,180,180,181,183,706,183,706,182,185,706,185,706,179,179,176,173,173,175,185,185,185,195,197,706,197,0
545,381,381,380,380,379,377,529,377,529,375,378,530,378,530,381,381,381,384,384,383,382,382,382,376,379,530,379,530,380,706,178,178,180,180,181,183,706,183,706,182,185,706,185,706,179,179,176,173,173,175,185,185,185,195,197,706,197,706,200,0
381,380,380,379,377,529,377,529,375,378,530,378,530,381,381,381,384,384,383,382,382,382,376,379,530,379,530,380,380,380,178,180,180,181,183,706,183,706,182,185,706,185,706,179,179,176,173,173,175,185,185,185,195,197,706,197,706,200,200,205,0
380,379,377,529,377,529,375,378,530,378,530,381,381,381,384,384,383,382,382,382,376,379,530,379,530,380,380,380,530,380,180,181,183,706,183,706,182,185,706,185,706,179,179,176,173,173,175,185,185,185,195,197,706,197,706,200,200,205,707,203,0
377,529,377,529,375,378,530,378,530,381,381,381,384,384,383,382,382,382,376,379,530,379,530,380,380,380,530,380,534,379,183,706,183,706,182,185,706,185,706,179,179,176,173,173,175,185,185,185,195,197,706,197,706,200,200,205,707,203,707,203,0
377,529,375,378,530,378,530,381,381,381,384,384,383,382,382,382,376,379,530,379,530,380,380,380,530,380,534,379,379,375,183,706,182,185,706,185,706,179,179,176,173,173,175,185,185,185,195,197,706,197,706,200,200,205,707,203,707,203,203,187,0
375,378,530,378,530,381,381,381,384,384,383,382,382,382,376,379,530,379,530,380,380,380,530,380,534,379,379,375,379,379,182,185,706,185,706,179,179,176,173,173,175,185,185,185,195,197,706,197,706,200,200,205,707,203,707,203,203,187,158,158,0
530,378,530,381,381,381,384,384,383,382,382,382,376,379,530,379,530,380,380,380,530,380,534,379,379,375,379,379,388,390,706,185,706,179,179,176,173,173,175,185,185,185,195,197,706,197,706,200,200,205,707,203,707,203,203,187,158,158,102,73,0
530,381,381,381,384,384,383,382,382,382,376,379,530,379,530,380,380,380,530,380,534,379,379,375,379,379,388,390,393,415,706,179,179,176,173,173,175,185,185,185,195,197,706,197,706,200,200,205,707,203,707,203,203,187,158,158,102,73,29,16,0
381,381,384,384,383,382,382,382,376,379,530,379,530,380,380,380,530,380,534,379,379,375,379,379,388,390,393,415,415,377,179,176,173,173,175,185,185,185,195,197,706,197,706,200,200,205,707,203,707,203,203,187,158,158,102,73,29,16,16,69,0
638,649,649,672,672,685,689,689,696,700,700,700,697,696,696,697,696,696,696,685,685,676,635,684,672,649,647,654,661,665,35,52,52,92,92,135,150,150,176,193,197,197,200,204,201,203,195,195,195,135,135,87,21,38,56,88,101,132,152,166,0
649,672,672,685,689,689,696,700,700,700,697,696,696,697,696,696,696,685,685,676,635,684,672,649,647,654,661,665,665,665,52,92,92,135,150,150,176,193,197,197,200,204,201,203,195,195,195,135,135,87,21,38,56,88,101,132,152,166,166,166,0
672,685,689,689,696,700,700,700,697,696,696,697,696,696,696,685,685,676,635,684,672,649,647,654,661,665,665,665,690,690,92,135,150,150,176,193,197,197,200,204,201,203,195,195,195,135,135,87,21,38,56,88,101,132,152,166,166,166,190,190,0
689,689,696,700,700,700,697,696,696,697,696,696,696,685,685,676,635,684,672,649,647,654,661,665,665,665,690,690,691,691,150,150,176,193,197,197,200,204,201,203,195,195,195,135,135,87,21,38,56,88,101,132,152,166,166,166,190,190,192,192,0
696,700,700,700,697,696,696,697,696,696,696,685,685,676,635,684,672,649,647,654,661,665,665,665,690,690,691,691,691,681,176,193,197,197,200,204,201,203,195,195,195,135,135,87,21,38,56,88,101,132,152,166,166,166,190,190,192,192,192,186,0
700,700,697,696,696,697,696,696,696,685,685,676,635,684,672,649,647,654,661,665,665,665,690,690,691,691,691,681,679,673,197,197,200,204,201,203,195,195,195,135,135,87,21,38,56,88,101,132,152,166,166,166,190,190,192,192,192,186,172,103,0
697,696,696,697,696,696,696,685,685,676,635,684,672,649,647,654,661,665,665,665,690,690,691,691,691,681,679,673,673,673,200,204,201,203,195,195,195,135,135,87,21,38,56,88,101,132,152,166,166,166,190,190,192,192,192,186,172,103,103,50,0
696,697,696,696,696,685,685,676,635,684,672,649,647,654,661,665,665,665,690,690,691,691,691,681,679,673,673,673,685,679,201,203,195,195,195,135,135,87,21,38,56,88,101,132,152,166,166,166,190,190,192,192,192,186,172,103,103,50,83,93,0
696,696,696,685,685,676,635,684,672,649,647,654,661,665,665,665,690,690,691,691,691,681,679,673,673,673,685,679,679,659,195,195,195,135,135,87,21,38,56,88,101,132,152,166,166,166,190,190,192,192,192,186,172,103,103,50,83,93,93,51,0
696,685,685,676,635,684,672,649,647,654,661,665,665,665,690,690,691,691,691,681,679,673,673,673,685,679,679,659,659,666,195,135,135,87,21,38,56,88,101,132,152,166,166,166,190,190,192,192,192,186,172,103,103,50,83,93,93,51,51,32,0
685,676,635,684,672,649,647,654,661,665,665,665,690,690,691,691,691,681,679,673,673,673,685,679,679,659,659,666,691,691,135,87,21,38,56,88,101,132,152,166,166,166,190,190,192,192,192,186,172,103,103,50,83,93,93,51,51,32,66,66,0
635,684,672,649,647,654,661,665,665,665,690,690,691,691,691,681,679,673,673,673,685,679,679,659,659,666,691,691,685,671,21,38,56,88,101,132,152,166,166,166,190,190,192,192,192,186,172,103,103,50,83,93,93,51,51,32,66,66,84,61,0
672,649,647,654,661,665,665,665,690,690,691,691,691,681,679,673,673,673,685,679,679,659,659,666,691,691,685,671,658,674,56,88,101,132,152,166,166,166,190,190,192,192,192,186,172,103,103,50,83,93,93,51,51,32,66,66,84,61,38,63,0
647,654,661,665,665,665,690,690,691,691,691,681,679,673,673,673,685,679,679,659,659,666,691,691,685,671,658,674,664,664,101,132,152,166,166,166,190,190,192,192,192,186,172,103,103,50,83,93,93,51,51,32,66,66,84,61,38,63,72,72,0
661,665,665,665,690,690,691,691,691,681,679,673,673,673,685,679,679,659,659,666,691,691,685,671,658,674,664,664,640,640,152,166,166,166,190,190,192,192,192,186,172,103,103,50,83,93,93,51,51,32,66,66,84,61,38,63,72,72,40,40,0
665,665,690,690,691,691,691,681,679,673,673,673,685,679,679,659,659,666,691,691,685,671,658,674,664,664,640,640,640,641,166,166,190,190,192,192,192,186,172,103,103,50,83,93,93,51,51,32,66,66,84,61,38,63,72,72,40,40,40,54,0
690,690,691,691,691,681,679,673,673,673,685,679,679,659,659,666,691,691,685,671,658,674,664,664,640,640,640,641,641,636,190,190,192,192,192,186,172,103,103,50,83,93,93,51,51,32,66,66,84,61,38,63,72,72,40,40,40,54,54,58,0
691,691,691,681,679,673,673,673,685,679,679,659,659,666,691,691,685,671,658,674,664,664,640,640,640,641,641,636,602,602,192,192,192,186,172,103,103,50,83,93,93,51,51,32,66,66,84,61,38,63,72,72,40,40,40,54,54,58,20,20,0
691,681,679,673,673,673,685,679,679,659,659,666,691,691,685,671,658,674,664,664,640,640,640,641,641,636,602,602,612,612,192,186,172,103,103,50,83,93,93,51,51,32,66,66,84,61,38,63,72,72,40,40,40,54,54,58,20,20,33,33,0
679,673,673,673,685,679,679,659,659,666,691,691,685,671,658,674,664,664,640,640,640,641,641,636,602,602,612,612,612,603,172,103,103,50,83,93,93,51,51,32,66,66,84,61,38,63,72,72,40,40,40,54,54,58,20,20,33,33,38,16,0
673,673,685,679,679,659,659,666,691,691,685,671,658,674,664,664,640,640,640,641,641,636,602,602,612,612,612,603,594,594,103,50,83,93,93,51,51,32,66,66,84,61,38,63,72,72,40,40,40,54,54,58,20,20,33,33,38,16,15,15,0
685,679,679,659,659,666,691,691,685,671,658,674,664,664,640,640,640,641,641,636,602,602,612,612,612,603,594,594,609,595,83,93,93,51,51,32,66,66,84,61,38,63,72,72,40,40,40,54,54,58,20,20,33,33,38,16,15,15,39,19,0
679,659,659,666,691,691,685,671,658,674,664,664,640,640,640,641,641,636,602,602,612,612,612,603,594,594,609,595,604,617,93,51,51,32,66,66,84,61,38,63,72,72,40,40,40,54,54,58,20,20,33,33,38,16,15,15,39,19,17,43,0
659,666,691,691,685,671,658,674,664,664,640,640,640,641,641,636,602,602,612,612,612,603,594,594,609,595,604,617,623,623,51,32,66,66,84,61,38,63,72,72,40,40,40,54,54,58,20,20,33,33,38,16,15,15,39,19,17,43,69,66,0
691,691,685,671,658,674,664,664,640,640,640,641,641,636,602,602,612,612,612,603,594,594,609,595,604,617,623,623,623,623,66,66,84,61,38,63,72,72,40,40,40,54,54,58,20,20,33,33,38,16,15,15,39,19,17,43,69,66,66,66,0
685,671,658,674,664,664,640,640,640,641,641,636,602,602,612,612,612,603,594,594,609,595,604,617,623,623,623,623,630,630,84,61,38,63,72,72,40,40,40,54,54,58,20,20,33,33,38,16,15,15,39,19,17,43,69,66,66,66,47,47,0
658,674,664,664,640,640,640,641,641,636,602,602,612,612,612,603,594,594,609,595,604,617,623,623,623,623,630,630,651,651,38,63,72,72,40,40,40,54,54,58,20,20,33,33,38,16,15,15,39,19,17,43,69,66,66,66,47,47,124,124,0
664,664,640,640,640,641,641,636,602,602,612,612,612,603,594,594,609,595,604,617,623,623,623,623,630,630,651,651,651,651,72,72,40,40,40,54,54,58,20,20,33,33,38,16,15,15,39,19,17,43,69,66,66,66,47,47,124,124,138,110,0
640,640,640,641,641,636,602,602,612,612,612,603,594,594,609,595,604,617,623,623,623,623,630,630,651,651,651,651,651,647,40,40,40,54,54,58,20,20,33,33,38,16,15,15,39,19,17,43,69,66,66,66,47,47,124,124,138,110,110,50,0
640,641,641,636,602,602,612,612,612,603,594,594,609,595,604,617,623,623,623,623,630,630,651,651,651,651,651,647,648,648,40,54,54,58,20,20,33,33,38,16,15,15,39,19,17,43,69,66,66,66,47,47,124,124,138,110,110,50,18,18,0
641,636,602,602,612,612,612,603,594,594,609,595,604,617,623,623,623,623,630,630,651,651,651,651,651,647,648,648,633,630,54,58,20,20,33,33,38,16,15,15,39,19,17,43,69,66,66,66,47,47,124,124,138,110,110,50,18,18,13,15,0
602,602,612,612,612,603,594,594,609,595,604,617,623,623,623,623,630,630,651,651,651,651,651,647,648,648,633,630,638,645,20,20,33,33,38,16,15,15,39,19,17,43,69,66,66,66,47,47,124,124,138,110,110,50,18,18,13,15,23,29,0
612,612,612,603,594,594,609,595,604,617,623,623,623,623,630,630,651,651,651,651,651,647,648,648,633,630,638,645,653,653,33,33,38,16,15,15,39,19,17,43,69,66,66,66,47,47,124,124,138,110,110,50,18,18,13,15,23,29,33,33,0
612,603,594,594,609,595,604,617,623,623,623,623,630,630,651,651,651,651,651,647,648,648,633,630,638,645,653,653,658,658,38,16,15,15,39,19,17,43,69,66,66,66,47,47,124,124,138,110,110,50,18,18,13,15,23,29,33,33,35,35,0
594,594,609,595,604,617,623,623,623,623,630,630,651,651,651,651,651,647,648,648,633,630,638,645,653,653,658,658,658,682,15,15,39,19,17,43,69,66,66,66,47,47,124,124,138,110,110,50,18,18,13,15,23,29,33,33,35,35,35,54,0
609,595,604,617,623,623,623,623,630,630,651,651,651,651,651,647,648,648,633,630,638,645,653,653,658,658,658,682,690,690,39,19,17,43,69,66,66,66,47,47,124,124,138,110,110,50,18,18,13,15,23,29,33,33,35,35,35,54,63,63,0
604,617,623,623,623,623,630,630,651,651,651,651,651,647,648,648,633,630,638,645,653,653,658,658,658,682,690,690,696,696,17,43,69,66,66,66,47,47,124,124,138,110,110,50,18,18,13,15,23,29,33,33,35,35,35,54,63,63,80,80,0
623,623,623,623,630,630,651,651,651,651,651,647,648,648,633,630,638,645,653,653,658,658,658,682,690,690,696,696,697,696,69,66,66,66,47,47,124,124,138,110,110,50,18,18,13,15,23,29,33,33,35,35,35,54,63,63,80,80,100,107,0
623,623,630,630,651,651,651,651,651,647,648,648,633,630,638,645,653,653,658,658,658,682,690,690,696,696,697,696,696,693,66,66,47,47,124,124,138,110,110,50,18,18,13,15,23,29,33,33,35,35,35,54,63,63,80,80,100,107,107,120,0
630,630,651,651,651,651,651,647,648,648,633,630,638,645,653,653,658,658,658,682,690,690,696,696,697,696,696,693,693,693,47,47,124,124,138,110,110,50,18,18,13,15,23,29,33,33,35,35,35,54,63,63,80,80,100,107,107,120,130,130,0
651,651,651,651,651,647,648,648,633,630,638,645,653,653,658,658,658,682,690,690,696,696,697,696,696,693,693,693,689,689,124,124,138,110,110,50,18,18,13,15,23,29,33,33,35,35,35,54,63,63,80,80,100,107,107,120,130,130,136,136,0
651,651,651,647,648,648,633,630,638,645,653,653,658,658,658,682,690,690,696,696,697,696,696,693,693,693,689,689,684,682,138,110,110,50,18,18,13,15,23,29,33,33,35,35,35,54,63,63,80,80,100,107,107,120,130,130,136,136,142,142,0
651,647,648,648,633,630,638,645,653,653,658,658,658,682,690,690,696,696,697,696,696,693,693,693,689,689,684,682,679,675,110,50,18,18,13,15,23,29,33,33,35,35,35,54,63,63,80,80,100,107,107,120,130,130,136,136,142,142,143,142,0
648,648,633,630,638,645,653,653,658,658,658,682,690,690,696,696,697,696,696,693,693,693,689,689,684,682,679,675,671,668,18,18,13,15,23,29,33,33,35,35,35,54,63,63,80,80,100,107,107,120,130,130,136,136,142,142,143,142,137,115,0
633,630,638,645,653,653,658,658,658,682,690,690,696,696,697,696,696,693,693,693,689,689,684,682,679,675,671,668,665,643,13,15,23,29,33,33,35,35,35,54,63,63,80,80,100,107,107,120,130,130,136,136,142,142,143,142,137,115,76,40,0
638,645,653,653,658,658,658,682,690,690,696,696,697,696,696,693,693,693,689,689,684,682,679,675,671,668,665,643,643,643,23,29,33,33,35,35,35,54,63,63,80,80,100,107,107,120,130,130,136,136,142,142,143,142,137,115,76,40,40,40,0
653,653,658,658,658,682,690,690,696,696,697,696,696,693,693,693,689,689,684,682,679,675,671,668,665,643,643,643,643,633,33,33,35,35,35,54,63,63,80,80,100,107,107,120,130,130,136,136,142,142,143,142,137,115,76,40,40,40,40,33,0
658,658,658,682,690,690,696,696,697,696,696,693,693,693,689,689,684,682,679,675,671,668,665,643,643,643,643,633,633,641,35,35,35,54,63,63,80,80,100,107,107,120,130,130,136,136,142,142,143,142,137,115,76,40,40,40,40,33,33,70,0
658,682,690,690,696,696,697,696,696,693,693,693,689,689,684,682,679,675,671,668,665,643,643,643,643,633,633,641,650,650,35,54,63,63,80,80,100,107,107,120,130,130,136,136,142,142,143,142,137,115,76,40,40,40,40,33,33,70,106,106,0
690,690,696,696,697,696,696,693,693,693,689,689,684,682,679,675,671,668,665,643,643,643,643,633,633,641,650,650,661,662,63,63,80,80,100,107,107,120,130,130,136,136,142,142,143,142,137,115,76,40,40,40,40,33,33,70,106,106,150,163,0
696,696,697,696,696,693,693,693,689,689,684,682,679,675,671,668,665,643,643,643,643,633,633,641,650,650,661,662,670,670,80,80,100,107,107,120,130,130,136,136,142,142,143,142,137,115,76,40,40,40,40,33,33,70,106,106,150,163,180,180,0
697,696,696,693,693,693,689,689,684,682,679,675,671,668,665,643,643,643,643,633,633,641,650,650,661,662,670,670,675,678,100,107,107,120,130,130,136,136,142,142,143,142,137,115,76,40,40,40,40,33,33,70,106,106,150,163,180,180,175,172,0
696,693,693,693,689,689,684,682,679,675,671,668,665,643,643,643,643,633,633,641,650,650,661,662,670,670,675,678,678,678,107,120,130,130,136,136,142,142,143,142,137,115,76,40,40,40,40,33,33,70,106,106,150,163,180,180,175,172,172,172,0
693,693,689,689,684,682,679,675,671,668,665,643,643,643,643,633,633,641,650,650,661,662,670,670,675,678,678,678,667,661,130,130,136,136,142,142,143,142,137,115,76,40,40,40,40,33,33,70,106,106,150,163,180,180,175,172,172,172,123,97,0
689,689,684,682,679,675,671,668,665,643,643,643,643,633,633,641,650,650,661,662,670,670,675,678,678,678,667,661,652,643,136,136,142,142,143,142,137,115,76,40,40,40,40,33,33,70,106,106,150,163,180,180,175,172,172,172,123,97,67,47,0
364,364,349,339,326,316,316,304,304,297,292,290,290,289,290,290,287,288,289,289,289,288,286,283,280,280,280,294,294,111,44,44,39,43,44,47,47,39,39,39,37,36,31,29,28,26,24,22,24,24,24,22,24,18,17,17,17,25,25,13,1
349,339,326,316,316,304,304,297,292,290,290,289,290,290,287,288,289,289,289,288,286,283,280,280,280,294,294,111,112,291,39,43,44,47,47,39,39,39,37,36,31,29,28,26,24,22,24,24,24,22,24,18,17,17,17,25,25,13,13,40,1
326,316,316,304,304,297,292,290,290,289,290,290,287,288,289,289,289,288,286,283,280,280,280,294,294,111,112,291,292,292,44,47,47,39,39,39,37,36,31,29,28,26,24,22,24,24,24,22,24,18,17,17,17,25,25,13,13,40,40,45,1
316,304,304,297,292,290,290,289,290,290,287,288,289,289,289,288,286,283,280,280,280,294,294,111,112,291,292,292,292,292,47,39,39,39,37,36,31,29,28,26,24,22,24,24,24,22,24,18,17,17,17,25,25,13,13,40,40,45,45,45,1
304,297,292,290,290,289,290,290,287,288,289,289,289,288,286,283,280,280,280,294,294,111,112,291,292,292,292,292,299,299,39,39,37,36,31,29,28,26,24,22,24,24,24,22,24,18,17,17,17,25,25,13,13,40,40,45,45,45,62,62,1
292,290,290,289,290,290,287,288,289,289,289,288,286,283,280,280,280,294,294,111,112,291,292,292,292,292,299,299,299,316,37,36,31,29,28,26,24,22,24,24,24,22,24,18,17,17,17,25,25,13,13,40,40,45,45,45,62,62,62,92,1
290,289,290,290,287,288,289,289,289,288,286,283,280,280,280,294,294,111,112,291,292,292,292,292,299,299,299,316,316,317,31,29,28,26,24,22,24,24,24,22,24,18,17,17,17,25,25,13,13,40,40,45,45,45,62,62,62,92,92,131,1
290,290,287,288,289,289,289,288,286,283,280,280,280,294,294,111,112,291,292,292,292,292,299,299,299,316,316,317,312,112,28,26,24,22,24,24,24,22,24,18,17,17,17,25,25,13,13,40,40,45,45,45,62,62,62,92,92,131,159,13,1
287,288,289,289,289,288,286,283,280,280,280,294,294,111,112,291,292,292,292,292,299,299,299,316,316,317,312,112,307,307,24,22,24,24,24,22,24,18,17,17,17,25,25,13,13,40,40,45,45,45,62,62,62,92,92,131,159,13,187,187,1
289,289,289,288,286,283,280,280,280,294,294,111,112,291,292,292,292,292,299,299,299,316,316,317,312,112,307,307,307,310,24,24,24,22,24,18,17,17,17,25,25,13,13,40,40,45,45,45,62,62,62,92,92,131,159,13,187,187,187,261,1
289,288,286,283,280,280,280,294,294,111,112,291,292,292,292,292,299,299,299,316,316,317,312,112,307,307,307,310,310,445,24,22,24,18,17,17,17,25,25,13,13,40,40,45,45,45,62,62,62,92,92,131,159,13,187,187,187,261,261,227,1
286,283,280,280,280,294,294,111,112,291,292,292,292,292,299,299,299,316,316,317,312,112,307,307,307,310,310,445,462,463,24,18,17,17,17,25,25,13,13,40,40,45,45,45,62,62,62,92,92,131,159,13,187,187,187,261,261,227,195,162,1
280,280,280,294,294,111,112,291,292,292,292,292,299,299,299,316,316,317,312,112,307,307,307,310,310,445,462,463,442,426,17,17,17,25,25,13,13,40,40,45,45,45,62,62,62,92,92,131,159,13,187,187,187,261,261,227,195,162,124,128,1
280,294,294,111,112,291,292,292,292,292,299,299,299,316,316,317,312,112,307,307,307,310,310,445,462,463,442,426,426,365,17,25,25,13,13,40,40,45,45,45,62,62,62,92,92,131,159,13,187,187,187,261,261,227,195,162,124,128,128,157,1
294,111,112,291,292,292,292,292,299,299,299,316,316,317,312,112,307,307,307,310,310,445,462,463,442,426,426,365,365,310,25,13,13,40,40,45,45,45,62,62,62,92,92,131,159,13,187,187,187,261,261,227,195,162,124,128,128,157,157,200,1
112,291,292,292,292,292,299,299,299,316,316,317,312,112,307,307,307,310,310,445,462,463,442,426,426,365,365,310,328,301,13,40,40,45,45,45,62,62,62,92,92,131,159,13,187,187,187,261,261,227,195,162,124,128,128,157,157,200,47,233,1
292,292,292,292,299,299,299,316,316,317,312,112,307,307,307,310,310,445,462,463,442,426,426,365,365,310,328,301,441,442,40,45,45,45,62,62,62,92,92,131,159,13,187,187,187,261,261,227,195,162,124,128,128,157,157,200,47,233,220,188,1
292,292,299,299,299,316,316,317,312,112,307,307,307,310,310,445,462,463,442,426,426,365,365,310,328,301,441,442,442,434,45,45,62,62,62,92,92,131,159,13,187,187,187,261,261,227,195,162,124,128,128,157,157,200,47,233,220,188,188,154,1
299,299,299,316,316,317,312,112,307,307,307,310,310,445,462,463,442,426,426,365,365,310,328,301,441,442,442,434,434,378,62,62,62,92,92,131,159,13,187,187,187,261,261,227,195,162,124,128,128,157,157,200,47,233,220,188,188,154,154,148,1
299,316,316,317,312,112,307,307,307,310,310,445,462,463,442,426,426,365,365,310,328,301,441,442,442,434,434,378,378,378,62,92,92,131,159,13,187,187,187,261,261,227,195,162,124,128,128,157,157,200,47,233,220,188,188,154,154,148,148,148,1
316,317,312,112,307,307,307,310,310,445,462,463,442,426,426,365,365,310,328,301,441,442,442,434,434,378,378,378,339,339,92,131,159,13,187,187,187,261,261,227,195,162,124,128,128,157,157,200,47,233,220,188,188,154,154,148,148,148,198,198,1
312,112,307,307,307,310,310,445,462,463,442,426,426,365,365,310,328,301,441,442,442,434,434,378,378,378,339,339,339,427,159,13,187,187,187,261,261,227,195,162,124,128,128,157,157,200,47,233,220,188,188,154,154,148,148,148,198,198,198,251,1
307,307,307,310,310,445,462,463,442,426,426,365,365,310,328,301,441,442,442,434,434,378,378,378,339,339,339,427,401,439,187,187,187,261,261,227,195,162,124,128,128,157,157,200,47,233,220,188,188,154,154,148,148,148,198,198,198,251,57,223,1
307,310,310,445,462,463,442,426,426,365,365,310,328,301,441,442,442,434,434,378,378,378,339,339,339,427,401,439,437,425,187,261,261,227,195,162,124,128,128,157,157,200,47,233,220,188,188,154,154,148,148,148,198,198,198,251,57,223,163,144,1
310,445,462,463,442,426,426,365,365,310,328,301,441,442,442,434,434,378,378,378,339,339,339,427,401,439,437,425,378,354,261,227,195,162,124,128,128,157,157,200,47,233,220,188,188,154,154,148,148,148,198,198,198,251,57,223,163,144,139,152,1
462,463,442,426,426,365,365,310,328,301,441,442,442,434,434,378,378,378,339,339,339,427,401,439,437,425,378,354,354,315,195,162,124,128,128,157,157,200,47,233,220,188,188,154,154,148,148,148,198,198,198,251,57,223,163,144,139,152,152,195,1
442,426,426,365,365,310,328,301,441,442,442,434,434,378,378,378,339,339,339,427,401,439,437,425,378,354,354,315,320,315,124,128,128,157,157,200,47,233,220,188,188,154,154,148,148,148,198,198,198,251,57,223,163,144,139,152,152,195,44,195,1
426,365,365,310,328,301,441,442,442,434,434,378,378,378,339,339,339,427,401,439,437,425,378,354,354,315,320,315,320,310,128,157,157,200,47,233,220,188,188,154,154,148,148,148,198,198,198,251,57,223,163,144,139,152,152,195,44,195,44,242,1
365,310,328,301,441,442,442,434,434,378,378,378,339,339,339,427,401,439,437,425,378,354,354,315,320,315,320,310,310,417,157,200,47,233,220,188,188,154,154,148,148,148,198,198,198,251,57,223,163,144,139,152,152,195,44,195,44,242,242,262,1
328,301,441,442,442,434,434,378,378,378,339,339,339,427,401,439,437,425,378,354,354,315,320,315,320,310,310,417,417,417,47,233,220,188,188,154,154,148,148,148,198,198,198,251,57,223,163,144,139,152,152,195,44,195,44,242,242,262,262,262,1
441,442,442,434,434,378,378,378,339,339,339,427,401,439,437,425,378,354,354,315,320,315,320,310,310,417,417,417,417,457,220,188,188,154,154,148,148,148,198,198,198,251,57,223,163,144,139,152,152,195,44,195,44,242,242,262,262,262,262,152,1
442,434,434,378,378,378,339,339,339,427,401,439,437,425,378,354,354,315,320,315,320,310,310,417,417,417,417,457,457,426,188,154,154,148,148,148,198,198,198,251,57,223,163,144,139,152,152,195,44,195,44,242,242,262,262,262,262,152,152,108,1
434,378,378,378,339,339,339,427,401,439,437,425,378,354,354,315,320,315,320,310,310,417,417,417,417,457,457,426,426,426,154,148,148,148,198,198,198,251,57,223,163,144,139,152,152,195,44,195,44,242,242,262,262,262,262,152,152,108,108,108,1
378,378,339,339,339,427,401,439,437,425,378,354,354,315,320,315,320,310,310,417,417,417,417,457,457,426,426,426,280,235,148,148,198,198,198,251,57,223,163,144,139,152,152,195,44,195,44,242,242,262,262,262,262,152,152,108,108,108,132,150,1
339,339,339,427,401,439,437,425,378,354,354,315,320,315,320,310,310,417,417,417,417,457,457,426,426,426,280,235,203,241,198,198,198,251,57,223,163,144,139,152,152,195,44,195,44,242,242,262,262,262,262,152,152,108,108,108,132,150,222,48,1
339,427,401,439,437,425,378,354,354,315,320,315,320,310,310,417,417,417,417,457,457,426,426,426,280,235,203,241,218,250,198,251,57,223,163,144,139,152,152,195,44,195,44,242,242,262,262,262,262,152,152,108,108,108,132,150,222,48,251,271,1
401,439,437,425,378,354,354,315,320,315,320,310,310,417,417,417,417,457,457,426,426,426,280,235,203,241,218,250,265,250,57,223,163,144,139,152,152,195,44,195,44,242,242,262,262,262,262,152,152,108,108,108,132,150,222,48,251,271,60,271,1
437,425,378,354,354,315,320,315,320,310,310,417,417,417,417,457,457,426,426,426,280,235,203,241,218,250,265,250,265,250,163,144,139,152,152,195,44,195,44,242,242,262,262,262,262,152,152,108,108,108,132,150,222,48,251,271,60,271,60,271,1
378,354,354,315,320,315,320,310,310,417,417,417,417,457,457,426,426,426,280,235,203,241,218,250,265,250,265,250,265,344,139,152,152,195,44,195,44,242,242,262,262,262,262,152,152,108,108,108,132,150,222,48,251,271,60,271,60,271,60,53,1
354,315,320,315,320,310,310,417,417,417,417,457,457,426,426,426,280,235,203,241,218,250,265,250,265,250,265,344,437,468,152,195,44,195,44,242,242,262,262,262,262,152,152,108,108,108,132,150,222,48,251,271,60,271,60,271,60,53,224,187,1
320,315,320,310,310,417,417,417,417,457,457,426,426,426,280,235,203,241,218,250,265,250,265,250,265,344,437,468,476,476,44,195,44,242,242,262,262,262,262,152,152,108,108,108,132,150,222,48,251,271,60,271,60,271,60,53,224,187,144,144,1
320,310,310,417,417,417,417,457,457,426,426,426,280,235,203,241,218,250,265,250,265,250,265,344,437,468,476,476,454,454,44,242,242,262,262,262,262,152,152,108,108,108,132,150,222,48,251,271,60,271,60,271,60,53,224,187,144,144,84,84,1
310,417,417,417,417,457,457,426,426,426,280,235,203,241,218,250,265,250,265,250,265,344,437,468,476,476,454,454,392,392,242,262,262,262,262,152,152,108,108,108,132,150,222,48,251,271,60,271,60,271,60,53,224,187,144,144,84,84,86,86,1
417,417,417,457,457,426,426,426,280,235,203,241,218,250,265,250,265,250,265,344,437,468,476,476,454,454,392,392,325,298,262,262,262,152,152,108,108,108,132,150,222,48,251,271,60,271,60,271,60,53,224,187,144,144,84,84,86,86,110,121,1
417,457,457,426,426,426,280,235,203,241,218,250,265,250,265,250,265,344,437,468,476,476,454,454,392,392,325,298,283,283,262,152,152,108,108,108,132,150,222,48,251,271,60,271,60,271,60,53,224,187,144,144,84,84,86,86,110,121,145,145,1
457,426,426,426,280,235,203,241,218,250,265,250,265,250,265,344,437,468,476,476,454,454,392,392,325,298,283,283,283,283,152,108,108,108,132,150,222,48,251,271,60,271,60,271,60,53,224,187,144,144,84,84,86,86,110,121,145,145,145,145,1
353,352,351,351,41,350,350,348,348,346,341,329,38,310,310,296,296,293,309,475,492,485,461,461,418,418,370,327,281,259,436,438,438,439,404,441,441,442,442,440,443,449,392,461,461,481,481,511,538,480,441,401,387,387,391,391,414,457,502,551,1
351,351,41,350,350,348,348,346,341,329,38,310,310,296,296,293,309,475,492,485,461,461,418,418,370,327,281,259,263,297,438,439,404,441,441,442,442,440,443,449,392,461,461,481,481,511,538,480,441,401,387,387,391,391,414,457,502,551,586,614,1
41,350,350,348,348,346,341,329,38,310,310,296,296,293,309,475,492,485,461,461,418,418,370,327,281,259,263,297,340,397,404,441,441,442,442,440,443,449,392,461,461,481,481,511,538,480,441,401,387,387,391,391,414,457,502,551,586,614,615,601,1
350,348,348,346,341,329,38,310,310,296,296,293,309,475,492,485,461,461,418,418,370,327,281,259,263,297,340,397,443,469,441,442,442,440,443,449,392,461,461,481,481,511,538,480,441,401,387,387,391,391,414,457,502,551,586,614,615,601,569,517,1
348,346,341,329,38,310,310,296,296,293,309,475,492,485,461,461,418,418,370,327,281,259,263,297,340,397,443,469,36,469,442,440,443,449,392,461,461,481,481,511,538,480,441,401,387,387,391,391,414,457,502,551,586,614,615,601,569,517,402,517,1
341,329,38,310,310,296,296,293,309,475,492,485,461,461,418,418,370,327,281,259,263,297,340,397,443,469,36,469,36,456,443,449,392,461,461,481,481,511,538,480,441,401,387,387,391,391,414,457,502,551,586,614,615,601,569,517,402,517,402,411,1
38,310,310,296,296,293,309,475,492,485,461,461,418,418,370,327,281,259,263,297,340,397,443,469,36,469,36,456,456,395,392,461,461,481,481,511,538,480,441,401,387,387,391,391,414,457,502,551,586,614,615,601,569,517,402,517,402,411,411,391,1
310,296,296,293,309,475,492,485,461,461,418,418,370,327,281,259,263,297,340,397,443,469,36,469,36,456,456,395,395,302,461,481,481,511,538,480,441,401,387,387,391,391,414,457,502,551,586,614,615,601,569,517,402,517,402,411,411,391,391,458,1
296,293,309,475,492,485,461,461,418,418,370,327,281,259,263,297,340,397,443,469,36,469,36,456,456,395,395,302,266,266,481,511,538,480,441,401,387,387,391,391,414,457,502,551,586,614,615,601,569,517,402,517,402,411,411,391,391,458,520,520,1
309,475,492,485,461,461,418,418,370,327,281,259,263,297,340,397,443,469,36,469,36,456,456,395,395,302,266,266,266,300,538,480,441,401,387,387,391,391,414,457,502,551,586,614,615,601,569,517,402,517,402,411,411,391,391,458,520,520,520,632,1
492,485,461,461,418,418,370,327,281,259,263,297,340,397,443,469,36,469,36,456,456,395,395,302,266,266,266,300,300,407,441,401,387,387,391,391,414,457,502,551,586,614,615,601,569,517,402,517,402,411,411,391,391,458,520,520,520,632,632,616,1
461,461,418,418,370,327,281,259,263,297,340,397,443,469,36,469,36,456,456,395,395,302,266,266,266,300,300,407,407,503,387,387,391,391,414,457,502,551,586,614,615,601,569,517,402,517,402,411,411,391,391,458,520,520,520,632,632,616,616,532,1
418,418,370,327,281,259,263,297,340,397,443,469,36,469,36,456,456,395,395,302,266,266,266,300,300,407,407,503,506,506,391,391,414,457,502,551,586,614,615,601,569,517,402,517,402,411,411,391,391,458,520,520,520,632,632,616,616,532,441,441,1
370,327,281,259,263,297,340,397,443,469,36,469,36,456,456,395,395,302,266,266,266,300,300,407,407,503,506,506,473,315,414,457,502,551,586,614,615,601,569,517,402,517,402,411,411,391,391,458,520,520,520,632,632,616,616,532,441,441,412,425,1
281,259,263,297,340,397,443,469,36,469,36,456,456,395,395,302,266,266,266,300,300,407,407,503,506,506,473,315,282,282,502,551,586,614,615,601,569,517,402,517,402,411,411,391,391,458,520,520,520,632,632,616,616,532,441,441,412,425,463,463,1
263,297,340,397,443,469,36,469,36,456,456,395,395,302,266,266,266,300,300,407,407,503,506,506,473,315,282,282,278,38,586,614,615,601,569,517,402,517,402,411,411,391,391,458,520,520,520,632,632,616,616,532,441,441,412,425,463,463,554,396,1
340,397,443,469,36,469,36,456,456,395,395,302,266,266,266,300,300,407,407,503,506,506,473,315,282,282,278,38,278,38,615,601,569,517,402,517,402,411,411,391,391,458,520,520,520,632,632,616,616,532,441,441,412,425,463,463,554,396,554,396,1
443,469,36,469,36,456,456,395,395,302,266,266,266,300,300,407,407,503,506,506,473,315,282,282,278,38,278,38,359,398,569,517,402,517,402,411,411,391,391,458,520,520,520,632,632,616,616,532,441,441,412,425,463,463,554,396,554,396,602,600,1
36,469,36,456,456,395,395,302,266,266,266,300,300,407,407,503,506,506,473,315,282,282,278,38,278,38,359,398,398,442,402,517,402,411,411,391,391,458,520,520,520,632,632,616,616,532,441,441,412,425,463,463,554,396,554,396,602,600,600,544,1
36,456,456,395,395,302,266,266,266,300,300,407,407,503,506,506,473,315,282,282,278,38,278,38,359,398,398,442,442,363,402,411,411,391,391,458,520,520,520,632,632,616,616,532,441,441,412,425,463,463,554,396,554,396,602,600,600,544,502,156,1
456,395,395,302,266,266,266,300,300,407,407,503,506,506,473,315,282,282,278,38,278,38,359,398,398,442,442,363,442,363,411,391,391,458,520,520,520,632,632,616,616,532,441,441,412,425,463,463,554,396,554,396,602,600,600,544,502,156,502,156,1
395,302,266,266,266,300,300,407,407,503,506,506,473,315,282,282,278,38,278,38,359,398,398,442,442,363,442,363,410,410,391,458,520,520,520,632,632,616,616,532,441,441,412,425,463,463,554,396,554,396,602,600,600,544,502,156,502,156,434,434,1
266,266,266,300,300,407,407,503,506,506,473,315,282,282,278,38,278,38,359,398,398,442,442,363,442,363,410,410,410,348,520,520,520,632,632,616,616,532,441,441,412,425,463,463,554,396,554,396,602,600,600,544,502,156,502,156,434,434,434,442,1
266,300,300,407,407,503,506,506,473,315,282,282,278,38,278,38,359,398,398,442,442,363,442,363,410,410,410,348,40,322,520,632,632,616,616,532,441,441,412,425,463,463,554,396,554,396,602,600,600,544,502,156,502,156,434,434,434,442,399,475,1
300,407,407,503,506,506,473,315,282,282,278,38,278,38,359,398,398,442,442,363,442,363,410,410,410,348,40,322,322,322,632,616,616,532,441,441,412,425,463,463,554,396,554,396,602,600,600,544,502,156,502,156,434,434,434,442,399,475,475,475,1
407,503,506,506,473,315,282,282,278,38,278,38,359,398,398,442,442,363,442,363,410,410,410,348,40,322,322,322,322,289,616,532,441,441,412,425,463,463,554,396,554,396,602,600,600,544,502,156,502,156,434,434,434,442,399,475,475,475,475,584,1
506,506,473,315,282,282,278,38,278,38,359,398,398,442,442,363,442,363,410,410,410,348,40,322,322,322,322,289,289,350,441,441,412,425,463,463,554,396,554,396,602,600,600,544,502,156,502,156,434,434,434,442,399,475,475,475,475,584,584,611,1
473,315,282,282,278,38,278,38,359,398,398,442,442,363,442,363,410,410,410,348,40,322,322,322,322,289,289,350,428,428,412,425,463,463,554,396,554,396,602,600,600,544,502,156,502,156,434,434,434,442,399,475,475,475,475,584,584,611,583,583,1
282,282,278,38,278,38,359,398,398,442,442,363,442,363,410,410,410,348,40,322,322,322,322,289,289,350,428,428,458,463,463,463,554,396,554,396,602,600,600,544,502,156,502,156,434,434,434,442,399,475,475,475,475,584,584,611,583,583,500,456,1
278,38,278,38,359,398,398,442,442,363,442,363,410,410,410,348,40,322,322,322,322,289,289,350,428,428,458,463,455,413,554,396,554,396,602,600,600,544,502,156,502,156,434,434,434,442,399,475,475,475,475,584,584,611,583,583,500,456,419,395,1
278,38,359,398,398,442,442,363,442,363,410,410,410,348,40,322,322,322,322,289,289,350,428,428,458,463,455,413,384,337,554,396,602,600,600,544,502,156,502,156,434,434,434,442,399,475,475,475,475,584,584,611,583,583,500,456,419,395,408,475,1
359,398,398,442,442,363,442,363,410,410,410,348,40,322,322,322,322,289,289,350,428,428,458,463,455,413,384,337,328,328,602,600,600,544,502,156,502,156,434,434,434,442,399,475,475,475,475,584,584,611,583,583,500,456,419,395,408,475,511,511,1
398,442,442,363,442,363,410,410,410,348,40,322,322,322,322,289,289,350,428,428,458,463,455,413,384,337,328,328,370,451,600,544,502,156,502,156,434,434,434,442,399,475,475,475,475,584,584,611,583,583,500,456,419,395,408,475,511,511,575,546,1
442,363,442,363,410,410,410,348,40,322,322,322,322,289,289,350,428,428,458,463,455,413,384,337,328,328,370,451,451,468,502,156,502,156,434,434,434,442,399,475,475,475,475,584,584,611,583,583,500,456,419,395,408,475,511,511,575,546,546,477,1
789,786,785,783,777,770,770,758,738,727,725,739,739,772,772,816,451,698,864,898,754,923,790,923,790,941,941,947,914,874,452,453,454,456,459,462,462,468,478,499,533,563,563,580,580,583,329,208,562,525,181,489,179,489,179,438,438,398,363,345,1
785,783,777,770,770,758,738,727,725,739,739,772,772,816,451,698,864,898,754,923,790,923,790,941,941,947,914,874,840,840,454,456,459,462,462,468,478,499,533,563,563,580,580,583,329,208,562,525,181,489,179,489,179,438,438,398,363,345,352,352,1
777,770,770,758,738,727,725,739,739,772,772,816,451,698,864,898,754,923,790,923,790,941,941,947,914,874,840,840,820,820,459,462,462,468,478,499,533,563,563,580,580,583,329,208,562,525,181,489,179,489,179,438,438,398,363,345,352,352,405,405,1
770,758,738,727,725,739,739,772,772,816,451,698,864,898,754,923,790,923,790,941,941,947,914,874,840,840,820,820,801,798,462,468,478,499,533,563,563,580,580,583,329,208,562,525,181,489,179,489,179,438,438,398,363,345,352,352,405,405,466,519,1
738,727,725,739,739,772,772,816,451,698,864,898,754,923,790,923,790,941,941,947,914,874,840,840,820,820,801,798,808,838,478,499,533,563,563,580,580,583,329,208,562,525,181,489,179,489,179,438,438,398,363,345,352,352,405,405,466,519,553,576,1
725,739,739,772,772,816,451,698,864,898,754,923,790,923,790,941,941,947,914,874,840,840,820,820,801,798,808,838,455,873,533,563,563,580,580,583,329,208,562,525,181,489,179,489,179,438,438,398,363,345,352,352,405,405,466,519,553,576,344,565,1
739,772,772,816,451,698,864,898,754,923,790,923,790,941,941,947,914,874,840,840,820,820,801,798,808,838,455,873,752,900,563,580,580,583,329,208,562,525,181,489,179,489,179,438,438,398,363,345,352,352,405,405,466,519,553,576,344,565,201,545,1
772,816,451,698,864,898,754,923,790,923,790,941,941,947,914,874,840,840,820,820,801,798,808,838,455,873,752,900,969,795,580,583,329,208,562,525,181,489,179,489,179,438,438,398,363,345,352,352,405,405,466,519,553,576,344,565,201,545,524,161,1
451,698,864,898,754,923,790,923,790,941,941,947,914,874,840,840,820,820,801,798,808,838,455,873,752,900,969,795,961,863,329,208,562,525,181,489,179,489,179,438,438,398,363,345,352,352,405,405,466,519,553,576,344,565,201,545,524,161,469,220,1
864,898,754,923,790,923,790,941,941,947,914,874,840,840,820,820,801,798,808,838,455,873,752,900,969,795,961,863,959,940,562,525,181,489,179,489,179,438,438,398,363,345,352,352,405,405,466,519,553,576,344,565,201,545,524,161,469,220,424,381,1
754,923,790,923,790,941,941,947,914,874,840,840,820,820,801,798,808,838,455,873,752,900,969,795,961,863,959,940,897,862,181,489,179,489,179,438,438,398,363,345,352,352,405,405,466,519,553,576,344,565,201,545,524,161,469,220,424,381,356,422,1
790,923,790,941,941,947,914,874,840,840,820,820,801,798,808,838,455,873,752,900,969,795,961,863,959,940,897,862,897,862,179,489,179,438,438,398,363,345,352,352,405,405,466,519,553,576,344,565,201,545,524,161,469,220,424,381,356,422,356,422,1
790,941,941,947,914,874,840,840,820,820,801,798,808,838,455,873,752,900,969,795,961,863,959,940,897,862,897,862,827,827,179,438,438,398,363,345,352,352,405,405,466,519,553,576,344,565,201,545,524,161,469,220,424,381,356,422,356,422,402,402,1
941,947,914,874,840,840,820,820,801,798,808,838,455,873,752,900,969,795,961,863,959,940,897,862,897,862,827,827,776,855,438,398,363,345,352,352,405,405,466,519,553,576,344,565,201,545,524,161,469,220,424,381,356,422,356,422,402,402,519,600,1
914,874,840,840,820,820,801,798,808,838,455,873,752,900,969,795,961,863,959,940,897,862,897,862,827,827,776,855,738,855,363,345,352,352,405,405,466,519,553,576,344,565,201,545,524,161,469,220,424,381,356,422,356,422,402,402,519,600,218,600,1
840,840,820,820,801,798,808,838,455,873,752,900,969,795,961,863,959,940,897,862,897,862,827,827,776,855,738,855,738,855,352,352,405,405,466,519,553,576,344,565,201,545,524,161,469,220,424,381,356,422,356,422,402,402,519,600,218,600,218,600,1
820,820,801,798,808,838,455,873,752,900,969,795,961,863,959,940,897,862,897,862,827,827,776,855,738,855,738,855,738,961,405,405,466,519,553,576,344,565,201,545,524,161,469,220,424,381,356,422,356,422,402,402,519,600,218,600,218,600,218,509,1
801,798,808,838,455,873,752,900,969,795,961,863,959,940,897,862,897,862,827,827,776,855,738,855,738,855,738,961,829,961,466,519,553,576,344,565,201,545,524,161,469,220,424,381,356,422,356,422,402,402,519,600,218,600,218,600,218,509,176,509,1
808,838,455,873,752,900,969,795,961,863,959,940,897,862,897,862,827,827,776,855,738,855,738,855,738,961,829,961,829,971,553,576,344,565,201,545,524,161,469,220,424,381,356,422,356,422,402,402,519,600,218,600,218,600,218,509,176,509,176,419,1
455,873,752,900,969,795,961,863,959,940,897,862,897,862,827,827,776,855,738,855,738,855,738,961,829,961,829,971,944,944,344,565,201,545,524,161,469,220,424,381,356,422,356,422,402,402,519,600,218,600,218,600,218,509,176,509,176,419,385,385,1
752,900,969,795,961,863,959,940,897,862,897,862,827,827,776,855,738,855,738,855,738,961,829,961,829,971,944,944,841,799,201,545,524,161,469,220,424,381,356,422,356,422,402,402,519,600,218,600,218,600,218,509,176,509,176,419,385,385,368,416,1
969,795,961,863,959,940,897,862,897,862,827,827,776,855,738,855,738,855,738,961,829,961,829,971,944,944,841,799,799,756,524,161,469,220,424,381,356,422,356,422,402,402,519,600,218,600,218,600,218,509,176,509,176,419,385,385,368,416,416,512,1
961,863,959,940,897,862,897,862,827,827,776,855,738,855,738,855,738,961,829,961,829,971,944,944,841,799,799,756,832,916,469,220,424,381,356,422,356,422,402,402,519,600,218,600,218,600,218,509,176,509,176,419,385,385,368,416,416,512,594,539,1
959,940,897,862,897,862,827,827,776,855,738,855,738,855,738,961,829,961,829,971,944,944,841,799,799,756,832,916,977,800,424,381,356,422,356,422,402,402,519,600,218,600,218,600,218,509,176,509,176,419,385,385,368,416,416,512,594,539,521,149,1
897,862,897,862,827,827,776,855,738,855,738,855,738,961,829,961,829,971,944,944,841,799,799,756,832,916,977,800,977,800,356,422,356,422,402,402,519,600,218,600,218,600,218,509,176,509,176,419,385,385,368,416,416,512,594,539,521,149,521,149,1
897,862,827,827,776,855,738,855,738,855,738,961,829,961,829,971,944,944,841,799,799,756,832,916,977,800,977,800,944,902,356,422,402,402,519,600,218,600,218,600,218,509,176,509,176,419,385,385,368,416,416,512,594,539,521,149,521,149,420,393,1
827,827,776,855,738,855,738,855,738,961,829,961,829,971,944,944,841,799,799,756,832,916,977,800,977,800,944,902,902,847,402,402,519,600,218,600,218,600,218,509,176,509,176,419,385,385,368,416,416,512,594,539,521,149,521,149,420,393,393,406,1
776,855,738,855,738,855,738,961,829,961,829,971,944,944,841,799,799,756,832,916,977,800,977,800,944,902,902,847,847,807,519,600,218,600,218,600,218,509,176,509,176,419,385,385,368,416,416,512,594,539,521,149,521,149,420,393,393,406,406,480,1
738,855,738,855,738,961,829,961,829,971,944,944,841,799,799,756,832,916,977,800,977,800,944,902,902,847,847,807,804,804,218,600,218,600,218,509,176,509,176,419,385,385,368,416,416,512,594,539,521,149,521,149,420,393,393,406,406,480,525,525,1
738,855,738,961,829,961,829,971,944,944,841,799,799,756,832,916,977,800,977,800,944,902,902,847,847,807,804,804,836,836,218,600,218,509,176,509,176,419,385,385,368,416,416,512,594,539,521,149,521,149,420,393,393,406,406,480,525,525,557,557,1
738,961,829,961,829,971,944,944,841,799,799,756,832,916,977,800,977,800,944,902,902,847,847,807,804,804,836,836,836,836,218,509,176,509,176,419,385,385,368,416,416,512,594,539,521,149,521,149,420,393,393,406,406,480,525,525,557,557,557,557,1
829,961,829,971,944,944,841,799,799,756,832,916,977,800,977,800,944,902,902,847,847,807,804,804,836,836,836,836,896,896,176,509,176,419,385,385,368,416,416,512,594,539,521,149,521,149,420,393,393,406,406,480,525,525,557,557,557,557,492,492,1
829,971,944,944,841,799,799,756,832,916,977,800,977,800,944,902,902,847,847,807,804,804,836,836,836,836,896,896,903,879,176,419,385,385,368,416,416,512,594,539,521,149,521,149,420,393,393,406,406,480,525,525,557,557,557,557,492,492,409,343,1
944,944,841,799,799,756,832,916,977,800,977,800,944,902,902,847,847,807,804,804,836,836,836,836,896,896,903,879,857,836,385,385,368,416,416,512,594,539,521,149,521,149,420,393,393,406,406,480,525,525,557,557,557,557,492,492,409,343,311,291,1
841,799,799,756,832,916,977,800,977,800,944,902,902,847,847,807,804,804,836,836,836,836,896,896,903,879,857,836,771,836,368,416,416,512,594,539,521,149,521,149,420,393,393,406,406,480,525,525,557,557,557,557,492,492,409,343,311,291,83,291,1
799,756,832,916,977,800,977,800,944,902,902,847,847,807,804,804,836,836,836,836,896,896,903,879,857,836,771,836,771,775,416,512,594,539,521,149,521,149,420,393,393,406,406,480,525,525,557,557,557,557,492,492,409,343,311,291,83,291,83,273,1
832,916,977,800,977,800,944,902,902,847,847,807,804,804,836,836,836,836,896,896,903,879,857,836,771,836,771,775,724,746,594,539,521,149,521,149,420,393,393,406,406,480,525,525,557,557,557,557,492,492,409,343,311,291,83,291,83,273,67,258,1
977,800,977,800,944,902,902,847,847,807,804,804,836,836,836,836,896,896,903,879,857,836,771,836,771,775,724,746,699,746,521,149,521,149,420,393,393,406,406,480,525,525,557,557,557,557,492,492,409,343,311,291,83,291,83,273,67,258,57,258,1
977,800,944,902,902,847,847,807,804,804,836,836,836,836,896,896,903,879,857,836,771,836,771,775,724,746,699,746,699,657,521,149,420,393,393,406,406,480,525,525,557,557,557,557,492,492,409,343,311,291,83,291,83,273,67,258,57,258,57,218,1
944,902,902,847,847,807,804,804,836,836,836,836,896,896,903,879,857,836,771,836,771,775,724,746,699,746,699,657,561,507,420,393,393,406,406,480,525,525,557,557,557,557,492,492,409,343,311,291,83,291,83,273,67,258,57,258,57,218,175,151,1
808,808,802,798,798,801,801,794,792,774,746,742,742,742,732,744,758,696,779,825,825,825,841,841,889,895,872,856,856,856,43,42,54,58,58,54,54,57,64,74,79,109,109,109,122,157,169,38,189,200,200,200,174,174,160,127,71,51,51,51,1
802,798,798,801,801,794,792,774,746,742,742,742,732,744,758,696,779,825,825,825,841,841,889,895,872,856,856,856,830,830,54,58,58,54,54,57,64,74,79,109,109,109,122,157,169,38,189,200,200,200,174,174,160,127,71,51,51,51,33,33,1
798,801,801,794,792,774,746,742,742,742,732,744,758,696,779,825,825,825,841,841,889,895,872,856,856,856,830,830,753,735,58,54,54,57,64,74,79,109,109,109,122,157,169,38,189,200,200,200,174,174,160,127,71,51,51,51,33,33,60,60,1
801,794,792,774,746,742,742,742,732,744,758,696,779,825,825,825,841,841,889,895,872,856,856,856,830,830,753,735,722,717,54,57,64,74,79,109,109,109,122,157,169,38,189,200,200,200,174,174,160,127,71,51,51,51,33,33,60,60,76,103,1
792,774,746,742,742,742,732,744,758,696,779,825,825,825,841,841,889,895,872,856,856,856,830,830,753,735,722,717,721,730,64,74,79,109,109,109,122,157,169,38,189,200,200,200,174,174,160,127,71,51,51,51,33,33,60,60,76,103,147,182,1
746,742,742,742,732,744,758,696,779,825,825,825,841,841,889,895,872,856,856,856,830,830,753,735,722,717,721,730,751,809,79,109,109,109,122,157,169,38,189,200,200,200,174,174,160,127,71,51,51,51,33,33,60,60,76,103,147,182,211,227,1
742,742,732,744,758,696,779,825,825,825,841,841,889,895,872,856,856,856,830,830,753,735,722,717,721,730,751,809,809,899,109,109,122,157,169,38,189,200,200,200,174,174,160,127,71,51,51,51,33,33,60,60,76,103,147,182,211,227,227,192,1
732,744,758,696,779,825,825,825,841,841,889,895,872,856,856,856,830,830,753,735,722,717,721,730,751,809,809,899,899,909,122,157,169,38,189,200,200,200,174,174,160,127,71,51,51,51,33,33,60,60,76,103,147,182,211,227,227,192,192,74,1
758,696,779,825,825,825,841,841,889,895,872,856,856,856,830,830,753,735,722,717,721,730,751,809,809,899,899,909,907,700,169,38,189,200,200,200,174,174,160,127,71,51,51,51,33,33,60,60,76,103,147,182,211,227,227,192,192,74,43,110,1
779,825,825,825,841,841,889,895,872,856,856,856,830,830,753,735,722,717,721,730,751,809,809,899,899,909,907,700,700,714,189,200,200,200,174,174,160,127,71,51,51,51,33,33,60,60,76,103,147,182,211,227,227,192,192,74,43,110,110,176,1
825,825,841,841,889,895,872,856,856,856,830,830,753,735,722,717,721,730,751,809,809,899,899,909,907,700,700,714,714,843,200,200,174,174,160,127,71,51,51,51,33,33,60,60,76,103,147,182,211,227,227,192,192,74,43,110,110,176,176,214,1
841,841,889,895,872,856,856,856,830,830,753,735,722,717,721,730,751,809,809,899,899,909,907,700,700,714,714,843,843,909,174,174,160,127,71,51,51,51,33,33,60,60,76,103,147,182,211,227,227,192,192,74,43,110,110,176,176,214,214,165,1
889,895,872,856,856,856,830,830,753,735,722,717,721,730,751,809,809,899,899,909,907,700,700,714,714,843,843,909,924,908,160,127,71,51,51,51,33,33,60,60,76,103,147,182,211,227,227,192,192,74,43,110,110,176,176,214,214,165,123,62,1
872,856,856,856,830,830,753,735,722,717,721,730,751,809,809,899,899,909,907,700,700,714,714,843,843,909,924,908,910,910,71,51,51,51,33,33,60,60,76,103,147,182,211,227,227,192,192,74,43,110,110,176,176,214,214,165,123,62,48,48,1
856,856,830,830,753,735,722,717,721,730,751,809,809,899,899,909,907,700,700,714,714,843,843,909,924,908,910,910,726,726,51,51,33,33,60,60,76,103,147,182,211,227,227,192,192,74,43,110,110,176,176,214,214,165,123,62,48,48,111,111,1
830,830,753,735,722,717,721,730,751,809,809,899,899,909,907,700,700,714,714,843,843,909,924,908,910,910,726,726,697,703,33,33,60,60,76,103,147,182,211,227,227,192,192,74,43,110,110,176,176,214,214,165,123,62,48,48,111,111,177,215,1
753,735,722,717,721,730,751,809,809,899,899,909,907,700,700,714,714,843,843,909,924,908,910,910,726,726,697,703,703,829,60,60,76,103,147,182,211,227,227,192,192,74,43,110,110,176,176,214,214,165,123,62,48,48,111,111,177,215,215,228,1
722,717,721,730,751,809,809,899,899,909,907,700,700,714,714,843,843,909,924,908,910,910,726,726,697,703,703,829,829,875,76,103,147,182,211,227,227,192,192,74,43,110,110,176,176,214,214,165,123,62,48,48,111,111,177,215,215,228,228,188,1
721,730,751,809,809,899,899,909,907,700,700,714,714,843,843,909,924,908,910,910,726,726,697,703,703,829,829,875,875,864,147,182,211,227,227,192,192,74,43,110,110,176,176,214,214,165,123,62,48,48,111,111,177,215,215,228,228,188,188,69,1
751,809,809,899,899,909,907,700,700,714,714,843,843,909,924,908,910,910,726,726,697,703,703,829,829,875,875,864,864,461,211,227,227,192,192,74,43,110,110,176,176,214,214,165,123,62,48,48,111,111,177,215,215,228,228,188,188,69,69,284,1
809,899,899,909,907,700,700,714,714,843,843,909,924,908,910,910,726,726,697,703,703,829,829,875,875,864,864,461,711,463,227,192,192,74,43,110,110,176,176,214,214,165,123,62,48,48,111,111,177,215,215,228,228,188,188,69,69,284,87,285,1
899,909,907,700,700,714,714,843,843,909,924,908,910,910,726,726,697,703,703,829,829,875,875,864,864,461,711,463,703,740,192,74,43,110,110,176,176,214,214,165,123,62,48,48,111,111,177,215,215,228,228,188,188,69,69,284,87,285,105,185,1
907,700,700,714,714,843,843,909,924,908,910,910,726,726,697,703,703,829,829,875,875,864,864,461,711,463,703,740,707,814,43,110,110,176,176,214,214,165,123,62,48,48,111,111,177,215,215,228,228,188,188,69,69,284,87,285,105,185,50,217,1
700,714,714,843,843,909,924,908,910,910,726,726,697,703,703,829,829,875,875,864,864,461,711,463,703,740,707,814,814,894,110,176,176,214,214,165,123,62,48,48,111,111,177,215,215,228,228,188,188,69,69,284,87,285,105,185,50,217,217,151,1
714,843,843,909,924,908,910,910,726,726,697,703,703,829,829,875,875,864,864,461,711,463,703,740,707,814,814,894,894,894,176,214,214,165,123,62,48,48,111,111,177,215,215,228,228,188,188,69,69,284,87,285,105,185,50,217,217,151,151,151,1
843,909,924,908,910,910,726,726,697,703,703,829,829,875,875,864,864,461,711,463,703,740,707,814,814,894,894,894,882,882,214,165,123,62,48,48,111,111,177,215,215,228,228,188,188,69,69,284,87,285,105,185,50,217,217,151,151,151,106,106,1
924,908,910,910,726,726,697,703,703,829,829,875,875,864,864,461,711,463,703,740,707,814,814,894,894,894,882,882,834,834,123,62,48,48,111,111,177,215,215,228,228,188,188,69,69,284,87,285,105,185,50,217,217,151,151,151,106,106,76,76,1
910,910,726,726,697,703,703,829,829,875,875,864,864,461,711,463,703,740,707,814,814,894,894,894,882,882,834,834,747,724,48,48,111,111,177,215,215,228,228,188,188,69,69,284,87,285,105,185,50,217,217,151,151,151,106,106,76,76,126,115,1
726,726,697,703,703,829,829,875,875,864,864,461,711,463,703,740,707,814,814,894,894,894,882,882,834,834,747,724,724,724,111,111,177,215,215,228,228,188,188,69,69,284,87,285,105,185,50,217,217,151,151,151,106,106,76,76,126,115,115,115,1
697,703,703,829,829,875,875,864,864,461,711,463,703,740,707,814,814,894,894,894,882,882,834,834,747,724,724,724,803,909,177,215,215,228,228,188,188,69,69,284,87,285,105,185,50,217,217,151,151,151,106,106,76,76,126,115,115,115,189,196,1
703,829,829,875,875,864,864,461,711,463,703,740,707,814,814,894,894,894,882,882,834,834,747,724,724,724,803,909,909,913,215,228,228,188,188,69,69,284,87,285,105,185,50,217,217,151,151,151,106,106,76,76,126,115,115,115,189,196,196,122,1
829,875,875,864,864,461,711,463,703,740,707,814,814,894,894,894,882,882,834,834,747,724,724,724,803,909,909,913,913,876,228,188,188,69,69,284,87,285,105,185,50,217,217,151,151,151,106,106,76,76,126,115,115,115,189,196,196,122,122,61,1
875,864,864,461,711,463,703,740,707,814,814,894,894,894,882,882,834,834,747,724,724,724,803,909,909,913,913,876,876,876,188,69,69,284,87,285,105,185,50,217,217,151,151,151,106,106,76,76,126,115,115,115,189,196,196,122,122,61,61,61,1
